ID	Path
0	/Interface/TitleScreen/objTitleScreen
3	/Interface/TitleScreen/objPalmTree
4	/Interface/TitleScreen/objHouses
5	/Editor/objEditor
6	/Interface/objBackgroundColor
7	/Editor/objEditorWallH
8	/Editor/objEditorWallV
9	/Editor/objWall
10	/Editor/objEditorEnemy
11	/Editor/objEditorObjects
12	/Editor/objCheckbox
13	/Editor/objButtons
14	/Interface/Act/objAct
16	/Interface/Act/objFlock2
19	/Interface/Scene/City/objBloodDraw
20	/Interface/Scene/City/objTextBlood
21	/Interface/Scene/City/objPalmTrees
22	/Interface/Scene/City/objSeaGlimmer
23	/Interface/Scene/City/objSkyline1
24	/Interface/Scene/City/objSkyline2
25	/Editor/objEditorDoorV
26	/Editor/objEditorDoorH
27	/Editor/objEditorWindowLeft
28	/Editor/objEditorWindowRight
29	/Editor/objEditorWindowUp
30	/Editor/objEditorWindowDown
31	/Editor/objEditorBrickWallV
32	/Editor/objEditorBrickWallH
33	/Editor/objEditorSoftWallV
34	/Editor/objEditorSoftWallH
35	/Player/PigButcher/objPigButcher
36	/Player/objPlayer
37	/Interface/objConversation
38	/Interface/objEffector
39	/Furniture/objFurniture
40	/Enemies/Victims/objVictim1
41	/Enemies/Victims/objVictim3
42	/Enemies/Victims/objVictim2
43	/Misc/LightSmoke/objPiglight1
44	/Effects/Blood/objSplat
45	/Interface/objGore
46	/Effects/Blood/objSmudge
47	/Effects/Blood/objBigBlood
48	/Effects/Blood/objTinyBlood
49	/Effects/Blood/objBlood
50	/Enemies/objEnemy
51	/Enemies/objDeadBody
52	/Effects/Blood/objBloodPool
53	/Editor/sprEditorRailsLeft
54	/Editor/objEditorRailsRight
55	/Editor/objEditorRailsDown
56	/Editor/objEditorRailsUp
57	/Furniture/PigButcher/Party/objCouchParty
58	/Furniture/PigButcher/Party/objMiscKeg
59	/Furniture/PigButcher/Party/objAquariumParty
60	/Furniture/PigButcher/Party/objTableParty
61	/Furniture/PigButcher/Party/objTableKitchenParty
62	/Furniture/PigButcher/Party/objTableBrokenParty
63	/Furniture/objSinkParty
64	/Furniture/PigButcher/Party/objStrollerParty
65	/Furniture/objToiletParty
66	/Furniture/objTubParty
67	/Furniture/PigButcher/Party/objTVTableParty
68	/Furniture/PigButcher/Party/objRecordPlayerParty
69	/Furniture/objBenchPorchParty
70	/Furniture/objWheelBarrowParty
71	/Furniture/objCounterKitchen
72	/Furniture/objCupboardKitchen
73	/Furniture/objSink
74	/Furniture/objFridge
75	/Furniture/PigButcher/Party/objStoveParty
76	/Interface/objPigBackground
77	/Interface/objFilmTitle
78	/Enemies/Victims/objVictim3KnockedOut
79	/Furniture/Floor/objBrokenVinyls
80	/Enemies/objKnockedOut
81	/Player/PigButcher/objPigKillBlunt
82	/Effects/Blood/objBloodSquirt
83	/Misc/Weapons/objBat
84	/Furniture/objSolid
85	/Player/objPlayerDead
86	/Furniture/objTrashbagOpen
87	/Furniture/objTrashbag
88	/Furniture/Floor/objPizza
89	/Furniture/Floor/objDoorMat
90	/Furniture/objHatRack
91	/Furniture/Floor/objCigaretteButts
92	/Furniture/Floor/objAlcoholContainers
93	/Furniture/PigButcher/Party/objDeskParty
94	/Furniture/Floor/objVideoGames
95	/Furniture/PigButcher/Party/objGlobe
96	/Furniture/PigButcher/Party/objBoxes
97	/Furniture/objPhones
98	/Furniture/objBookshelf
99	/Furniture/objToolbox
100	/Misc/Weapons/objShotgunWall
101	/Editor/objEditorPorchWallV
102	/Editor/objEditorPorchWallH
103	/Furniture/objChairWood
104	/Furniture/objArmChair
105	/Enemies/Victims/objVictim45Idle
106	/Misc/LightSmoke/objPiglight2
107	/Furniture/PigButcher/Party/objBedKid
108	/Furniture/objBigBed
109	/Furniture/objBoomboxParty
110	/Furniture/PigButcher/Party/objTVParty2
111	/Furniture/PigButcher/Party/objGuitarRig
112	/Furniture/Floor/objShirts
113	/Furniture/PigButcher/Party/objDeskKidParty
114	/Furniture/objSofaTV
115	/Furniture/PigButcher/Party/objTVParty3
116	/Furniture/PigButcher/Party/objTVParty4
117	/Furniture/objMakeupTable
118	/Furniture/objNightstandParty
119	/Furniture/objDeskPictures
120	/Furniture/Floor/objVaseBroken
121	/Furniture/objVaseStand
122	/Furniture/objCabinBooze
123	/Furniture/objCloset
124	/Interface/objNextroom
125	/Enemies/Victims/objVictim5
126	/Enemies/Victims/objVictim4
127	/Furniture/objClosetHanger1
128	/Furniture/objClosetHanger2
129	/Editor/objDoorWardrobe
130	/Furniture/Floor/objMagazines
131	/Furniture/objPlantBig
132	/Furniture/objPlantSmall
133	/Furniture/objTub
134	/Furniture/objToilet
135	/Furniture/Floor/objNetDoor
136	/Furniture/Floor/objSocks
137	/Furniture/Floor/objDressParty
138	/Furniture/Floor/objPants
139	/Furniture/Floor/objRobeParty
140	/Furniture/objLaundryBasket
141	/Furniture/Floor/objWaterPuddle
142	/Enemies/objVictimCrawl
143	/Player/PigButcher/objPKillRape
144	/Misc/Weapons/objHammer
145	/Misc/Weapons/objWeapon
146	/Player/PigButcher/objPigKillStomp
147	/Player/objBullet
148	/Effects/objSpark
149	/Effects/objSmokeHit
150	/Misc/Weapons/objDoubleBarrel
151	/Misc/objMaskDrop
152	/Furniture/MovieSet/objMovieWallUp
153	/Furniture/MovieSet/objMovieWallRight
154	/Furniture/MovieSet/objMovieWallLeft
155	/Furniture/MovieSet/objMovieWallDown
156	/NPCs/PigButcher/Party/objSoundEngineer
157	/NPCs/PigButcher/Party/objCleaner
158	/NPCs/PigButcher/Party/objCameraman
159	/NPCs/PigButcher/Party/objDirector
160	/NPCs/PigButcher/Party/objVictim5Script
161	/NPCs/PigButcher/Party/objPigButcherIdle
162	/Furniture/MovieSet/objFilmCamera
163	/Furniture/MovieSet/objFilmLight
164	/Furniture/MovieSet/objPortableGenerator
165	/Furniture/MovieSet/objFilmCrew
166	/NPCs/PigButcher/Party/objDirectorWalk
167	/Interface/FloorCleared/objFloorCleared
169	/Player/Fans/objPlayerTiger
170	/Enemies/Gang/objEGangMeleeRandom
171	/Enemies/Gang/objEGang
173	/Misc/Weapons/objKnife
174	/Misc/Weapons/objChain
175	/Misc/Weapons/objButterfly
176	/Misc/Weapons/objPipe
177	/Misc/Weapons/objShotgun
178	/Misc/Weapons/objUzi
179	/Misc/Weapons/obj9mm
180	/Misc/Weapons/objNailGun
181	/Enemies/objEBullet
182	/Effects/Cartridges/objShell
183	/Enemies/Gang/objEGangRandom
184	/Enemies/Gang/objEGangPatrol
185	/Player/Fans/objPlayerZebra
186	/Enemies/Gang/objEGangStatic
187	/Player/Kills/objPKillChain
188	/Player/Kills/objPKillBlunt
189	/Player/Kills/objPKillBash
190	/Player/Kills/Specific/objTigerKill
191	/Player/Kills/objPKillKnife
192	/Player/Kills/objPKillLean
193	/Furniture/Floor/objTrashFood
194	/Furniture/Floor/objWeight
195	/Furniture/Floor/objCouchCushion
196	/Furniture/Floor/objStyrofoam
197	/Furniture/Floor/objDumbbell
198	/Furniture/objDeadLift
199	/Furniture/Fans/StolenGoods/objTreadmill
200	/Furniture/Fans/StolenGoods/objStolenGoodsTV
201	/Furniture/Fans/StolenGoods/objStolenGoodsTable
202	/Furniture/Fans/StolenGoods/objStolenGoodsBox
203	/Furniture/Fans/StolenGoods/objStolenGoods
204	/Furniture/Fans/StolenGoods/objSmallTableGang
205	/Furniture/Fans/StolenGoods/objTableGang
206	/Furniture/objCouchPurple
207	/Furniture/objCouchBeige
208	/Furniture/Fans/StolenGoods/objBedGang
209	/Furniture/Fans/DrugDealer/objBarShelfGang2
210	/Furniture/Fans/DrugDealer/objBarGang2
212	/Furniture/Fans/DrugDealer/objDrugCrates
213	/Furniture/Fans/StolenGoods/objBenchPress
214	/Furniture/objKitchenSink
215	/Furniture/objTVBig
216	/Furniture/Fans/StolenGoods/objWaterPipes
217	/Furniture/Fans/StolenGoods/objTableCarStereo
218	/Furniture/Fans/DrugDealer/objFusebox
219	/Furniture/Fans/DrugDealer/objTableBluePrints
220	/Furniture/objGeneratorBig
221	/Furniture/Floor/objHubCaps
222	/Furniture/objToolboxBig
223	/Furniture/Floor/objSewerGrate
224	/Furniture/Fans/StolenGoods/objTableCameras
225	/Furniture/Fans/StolenGoods/objConsolesBox
226	/Furniture/Floor/objMatressGang
227	/Furniture/objLaundryMachine
228	/Furniture/Fans/StolenGoods/objClothesLine
229	/Enemies/Gang/objEGangIdlePipe
230	/Enemies/Gang/objEGangIdleKnife
231	/Enemies/Gang/objEGangIdleSmoke
233	/Enemies/Victims/objVictim6
234	/Interface/objMaskMenu
235	/Player/Cars/Fans_Van/objFansVanBottom
236	/Player/Cars/Fans_Van/objFansVan
237	/Interface/objFloorBlood
238	/Interface/FloorCleared/objLevelCleared
239	/Furniture/Floor/objChemicals
240	/Furniture/Fans/DrugDealer/objCocaineCrates
241	/Furniture/Fans/DrugDealer/objCocaineTable
242	/Furniture/Fans/DrugDealer/objTableComputerGang
243	/Furniture/Fans/DrugDealer/objFileCabinet
244	/Furniture/Fans/DrugDealer/objLightbulbsBox
245	/Furniture/Fans/DrugDealer/objMarijuanaBig
246	/Furniture/Fans/DrugDealer/objMarijuanaCrate
247	/Furniture/Fans/DrugDealer/objMarijuanaCrop
248	/Furniture/Fans/DrugDealer/objMarijuanaTable
249	/Furniture/Fans/DrugDealer/objMarijuanaSmall
250	/Furniture/Floor/objFloorSafe
251	/Furniture/Fans/DrugDealer/objTableChemicals
252	/Furniture/Fans/DrugDealer/objTableMoney
253	/Misc/LightSmoke/objMarijuanaLight
254	/Furniture/Fans/DrugDealer/objGunTable
255	/Furniture/Fans/DrugDealer/objGunrack
256	/Furniture/Fans/DrugDealer/objAmmoCrates
257	/Furniture/Fans/HQ/objStageFans
258	/Furniture/Fans/HQ/objFansTable
259	/Furniture/Fans/HQ/objFansMannequins
260	/Effects/Smoke/ArcadeMachines/objArcadeKDFW
261	/Furniture/Fans/HQ/objBarFans
262	/Furniture/Fans/HQ/objFansInCouch
263	/Furniture/Fans/HQ/objFansComputerTable
264	/Furniture/Fans/HQ/objFansCouch1
265	/Furniture/Fans/HQ/objMasksBox
266	/Player/Fans/objPlayerSwan1
267	/Misc/LightSmoke/objFansHQLight
268	/Furniture/Fans/HQ/objFansLights
269	/Furniture/objUrinal
270	/Furniture/Fans/HQ/objNeonSign
271	/Furniture/Fans/DrugDealer/objAirHockey
272	/Effects/Smoke/ArcadeMachines/objArcadeLuftrausers
273	/Effects/Smoke/ArcadeMachines/objArcadeGuns
274	/Furniture/Fans/DrugDealer/objBarTable
275	/Furniture/Fans/DrugDealer/objBasketballGame
276	/Furniture/Fans/DrugDealer/objBarGang
277	/Furniture/Fans/DrugDealer/objBarShelfGang
278	/Furniture/Fans/DrugDealer/objChairGang
279	/Furniture/Fans/DrugDealer/objDJSet
280	/Furniture/Fans/DrugDealer/objBarTableTiny
281	/Furniture/Fans/DrugDealer/objBarTableGlass
282	/NPCs/Fans/DrugDealers/objHenchmanCouch
283	/Furniture/Fans/DrugDealer/objKaraokeMachine
284	/Furniture/Fans/DrugDealer/objBoothGang
285	/Misc/LightSmoke/objBarLight
286	/Furniture/Fans/HQ/objBarLightsBig
287	/Furniture/Fans/HQ/objBarLightsMedium
288	/Furniture/Fans/DrugDealer/objBarLightsSmall
289	/Furniture/objHugePlant
290	/NPCs/Fans/DrugDealers/objHenchmanDie
291	/Interface/objRestart
292	/Interface/objGameOverBackground
293	/NPCs/Fans/HQParty/objPandaBartender
294	/NPCs/Fans/HQParty/objPartyBoy1
295	/NPCs/Fans/HQParty/objPartyBoy2
296	/NPCs/Fans/HQParty/objPartyGirl2
297	/NPCs/Fans/HQParty/objPartyGirl1
298	/NPCs/Fans/HQParty/objPartyGirl2Mask
299	/NPCs/Fans/HQParty/objPartyBoy1Mask
300	/NPCs/Fans/HQParty/objMoon
301	/NPCs/Fans/HQParty/objMoonGlasses
302	/Interface/objVBorder
303	/Interface/objHBorder
304	/Interface/Points/objPoints
305	/NPCs/Fans/DrugDealers/objPerturbator
306	/NPCs/Fans/HQParty/objJasper
307	/NPCs/Fans/HQParty/objBarbecue
308	/Interface/HUD/objAmmoDraw
309	/NPCs/PigButcher/Interview/objHost
310	/NPCs/PigButcher/Interview/objPigInterview
311	/Furniture/PigButcher/Interview/objTalkShowChairs
312	/Furniture/PigButcher/Interview/objAudience
313	/Furniture/PigButcher/Interview/objTalkShowCurtains
314	/Furniture/PigButcher/Interview/objTalkShowDJ
315	/Furniture/PigButcher/Interview/objRichard
316	/Furniture/PigButcher/Interview/objTalkshowCamera
317	/Furniture/PigButcher/Interview/objTalkShowTable
318	/Furniture/PigButcher/Interview/objTeleprompter
319	/Furniture/PigButcher/Interview/objTalkshowCoach
320	/Misc/LightSmoke/objTalkshowLight
321	/Misc/LightSmoke/objSpotlight
322	/Furniture/PigButcher/Interview/objEllenDead
323	/NPCs/PigButcher/Interview/objPigInterviewStand
324	/Player/Nicke/objNicke
325	/Effects/Flamethrower/objFlamer
326	/Effects/Flamethrower/objFlame
327	/Effects/Flamethrower/objFireBallFlame
328	/Interface/objBackgroundTropicalEvening
329	/Interface/objBackgroundTropicalNight
660	/Furniture/Jungle/Trees/objPalmTreeDay
661	/Furniture/Jungle/Trees/objPalmTreeNight
662	/Interface/objBackgroundTropicalJungle
663	/Interface/Rain/objRain
664	/Interface/Rain/objRainDrop
665	/Interface/Rain/objRainHit
666	/Furniture/Jungle/Trees/objBigTreeDay
667	/Furniture/Jungle/Trees/objBigTreeNight
668	/Furniture/Jungle/Trees/objAlienPlant2
669	/Furniture/Jungle/Trees/objAlienPlant2Roots
670	/Furniture/Jungle/Trees/objAlienPlant3
671	/Furniture/Jungle/Trees/objAlienPlant3Roots
672	/Enemies/Soldier/objSoldierMeleeRandom
673	/Enemies/Soldier/objSoldier
674	/Enemies/Soldier/objSoldierRandom
675	/Editor/objWoodWallV
676	/Editor/objWoodWallInteriorV
677	/Editor/objWoodWallH
678	/Editor/objWoodWallInteriorH
679	/Furniture/Jungle/objFirePlace
680	/Furniture/Jungle/objRussianFlag
681	/Furniture/Jungle/objMilitaryJeep
682	/Editor/objWoodWindowV
683	/Editor/objWoodWindowH
684	/Furniture/Jungle/objMilitaryBed
685	/Furniture/Jungle/objMilitaryBunk
686	/Furniture/Jungle/objMilitaryPlans
687	/Furniture/Jungle/objTent
688	/Furniture/Jungle/objBarbedWire
689	/Furniture/Jungle/objRadioCentral
690	/Furniture/Jungle/objSupplies
691	/Furniture/Jungle/objStoveMilitary
692	/Furniture/Jungle/objClosetMilitary
693	/Furniture/Jungle/objAmmoBox
694	/Furniture/Jungle/objSupplyBox
695	/Furniture/Jungle/objFoodBox
696	/Enemies/Soldier/objSoldierPatrol
697	/Enemies/Soldier/objSoldierStatic
698	/Enemies/Soldier/objSoldierFatKnife
699	/Furniture/Jungle/objMilitaryDiningTable
700	/Furniture/Jungle/objMilitaryBuffe
701	/Furniture/Jungle/objMilitaryKitchen
702	/Furniture/Jungle/objHelicopter
703	/Furniture/Floor/Jungle/objBeanCan
704	/Enemies/Soldier/objSoldierFatGun
705	/Editor/objGlassPanel
706	/Enemies/Soldier/objSoldierIdlePonchoSmoke
707	/Enemies/Soldier/objPoncho
708	/Enemies/Soldier/objSoldierIdleRain
709	/Player/objStartPoint
710	/Editor/objInvisibleWallH
711	/Editor/objInvisibleWallV
712	/Editor/objInvisibleWallD1
713	/Editor/objInvisibleWallD2
714	/Furniture/Jungle/objSoldierTent
715	/Furniture/Jungle/objWeaponTable
716	/Furniture/Jungle/objFirePlacePot
717	/Furniture/Jungle/objLog
718	/Furniture/Jungle/objGeneralTable
719	/Furniture/Jungle/objTurtleCorpse
720	/Misc/Weapons/objHeavy
721	/Misc/Weapons/objFlameThrower
722	/Misc/Weapons/objSniperRifle
723	/Misc/Weapons/objKalashnikov
724	/Misc/Weapons/objM16
725	/NPCs/Soldiers/Jungle/objSquadBlack1
726	/NPCs/Soldiers/Jungle/objSquadFat1
727	/NPCs/Soldiers/Jungle/objSquadJacket1
728	/NPCs/Soldiers/Jungle/objGeneralTalk1
729	/NPCs/Soldiers/Jungle/objGeneral
730	/Furniture/Jungle/objGeneralDrapes
731	/Furniture/Jungle/objGeneralDrape
732	/Furniture/Floor/Jungle/objBones
733	/Furniture/Floor/Jungle/objStoneNight
734	/Furniture/Floor/Jungle/objJeepTyre
735	/Furniture/Floor/Jungle/objAmericanFlag
736	/Furniture/Jungle/objGeneralBed
737	/NPCs/Soldiers/Jungle/objParrot
738	/NPCs/Soldiers/Jungle/objGeneralParrot
740	/Furniture/Floor/Jungle/objStoneDay
741	/Misc/Weapons/objMachete
742	/Interface/Scene/NickeScene/objNickePalmTree
743	/Interface/Scene/NickeScene/objNickeBigTree
744	/Interface/Scene/NickeScene/objForest
745	/Interface/Scene/NickeScene/objJungleNightBG
746	/Interface/Scene/NickeScene/objNickeGreenery
747	/Interface/Scene/NickeScene/objJungleNightScene
748	/Interface/Scene/NickeScene/objJungleDayScene
749	/Interface/Scene/NickeScene/objJungleDayBG
750	/Interface/LevelSelect/objLevelSelect
751	/Interface/LevelSelect/objLevelPalmTree
752	/Furniture/Cop/Mall/objMallBasketBalls
753	/Furniture/Cop/Mall/objMallRegister
754	/Furniture/Cop/Mall/objMallChair
755	/Furniture/Cop/Mall/objMallFootballs
756	/Furniture/Cop/Mall/objMallGames
757	/Furniture/Cop/Mall/objMallJewels
758	/Furniture/Cop/Mall/objMallShoes
759	/Furniture/Cop/Mall/objMallTrashCan
760	/Furniture/Cop/Mall/objMallTVs
761	/Furniture/Cop/Mall/objMallVinyls
762	/Furniture/Cop/Mall/objMallSuperFunCabinet
763	/Player/Cop/objCop
764	/Player/Cars/Cop_Car/objCopCar
765	/Player/Cars/Cop_Car/objCopCarFloor
766	/Player/Cars/Cop_Car/objCopCarTrunk
767	/NPCs/Soldiers/Jungle/objSquadField1
768	/NPCs/Soldiers/Jungle/objSquadBlackField1
769	/NPCs/Soldiers/Jungle/objEnemySoldierGivenUp
770	/NPCs/Soldiers/Jungle/objSquadJacket2
771	/NPCs/Soldiers/Jungle/objSquadJacket3Idle
772	/NPCs/Soldiers/Jungle/objSquadFat2Idle
773	/Enemies/Soldier/objSoldierBurn
774	/Enemies/objDyingBody
775	/Effects/Flamethrower/objFlameSmoke
776	/Furniture/Cop/Mall/objCheapSign
777	/Furniture/Cop/Mall/objClothesHanger2
778	/Furniture/Cop/Mall/objEmptyShelf
779	/Furniture/Cop/Mall/objTurtlesRack
780	/Furniture/Cop/Mall/objMallPerfume
781	/Furniture/Cop/Mall/objClothesHanger1
782	/Furniture/Cop/Mall/objSlidingDoors
783	/Furniture/Cop/Mall/objToyGuns
784	/Furniture/Cop/Mall/objStuffSign
785	/Furniture/Floor/Mall/objTurtle
786	/Furniture/Floor/Mall/objMallSuperFun
787	/Furniture/Floor/Mall/objNesCartridge
788	/Furniture/Floor/Mall/objBrokenPerfume
789	/Furniture/Floor/Mall/objJewelShard
790	/Furniture/Cop/Mall/objBasketBall
791	/Player/Kills/Specific/objCopKillShotgun
792	/Player/Kills/Specific/objPKillStomp
793	/Furniture/Cop/Mall/objNuclearThrone1
794	/Furniture/Cop/Mall/objNuclearThrone2
795	/Furniture/Cop/Mall/objNuclearThrone3
796	/Furniture/Cop/Mall/objNuclearThrone4
797	/Furniture/Cop/Mall/objNuclearThrone5
798	/Furniture/Cop/Mall/objATM
799	/Furniture/Floor/objMoney
800	/Furniture/Cop/Mall/objMallCoffeeTable
801	/Furniture/Cop/Mall/objVendingMachine
802	/Furniture/Cop/Mall/objCleaningCart
803	/Furniture/Cop/Mall/FoodStore/objDoubleFridge
805	/Furniture/Cop/Mall/FoodStore/objFreezer
806	/Furniture/Cop/Mall/FoodStore/objFan
807	/Furniture/Cop/Mall/FoodStore/objFoodFridge
808	/Furniture/Cop/Mall/FoodStore/objMagazineRack
809	/Furniture/Cop/Mall/FoodStore/objStoreShelf
810	/Interface/Elevators/objElevator
811	/Interface/Date/objDate
812	/Furniture/Cop/Mall/Storage/objMallSafe
813	/Furniture/Cop/Mall/Storage/objMallStorage
814	/Furniture/Cop/Mall/Storage/objBench
815	/Furniture/Cop/Mall/Storage/objLocker
816	/Furniture/Cop/Mall/Storage/objMallSecurity
817	/Furniture/Floor/Mall/objTowels
818	/Furniture/Cop/Mall/objGangVan
819	/Furniture/Cop/Mall/Storage/objDumpster
820	/Misc/LightSmoke/objFreezerSmoke
821	/Effects/objSparkle
822	/NPCs/Cop/Mall/objPoliceAim
823	/NPCs/Cop/Mall/objPolicePoint
824	/Furniture/Cop/objPoliceCar
826	/Furniture/Cop/Diner/objDinerBuffe
827	/Furniture/Cop/Diner/objDinerGrill
828	/Furniture/Cop/Diner/objDinerSink
829	/Furniture/Cop/Diner/objDinerSupplies
830	/Furniture/Cop/Diner/objDinerTable
831	/Furniture/Cop/Diner/objDinerSupplies2
832	/Furniture/Cop/Diner/objDinerCounter
833	/Furniture/Cop/Diner/objDinerChair
834	/Furniture/Cobra/Apartment/objFlipperGame
835	/Furniture/Cobra/Apartment/objArmchairBeads
836	/Furniture/Cobra/Apartment/objDirtyBathTub
837	/Furniture/Cobra/Apartment/objRedneckCouch
838	/Furniture/Cobra/Apartment/objDirtySink
839	/Furniture/Cobra/Apartment/objDirtyToilet
840	/Furniture/Fans/PizzaPlace/objPizzaDisplay
841	/Furniture/Cobra/Apartment/objTVDinner
842	/Furniture/Cobra/Apartment/objCobraPhone
843	/Furniture/Fans/PizzaPlace/objPizzaCounter
844	/Furniture/Fans/PizzaPlace/objPizzaTable
845	/Furniture/Fans/PizzaPlace/objPizzaOven
847	/Furniture/Fans/PizzaPlace/objPizzaRegister
848	/Furniture/Cobra/Apartment/objKitchenBench
849	/Furniture/Cobra/Apartment/objDeadPlant
850	/Furniture/Cop/Diner/objWashingMachine
851	/Furniture/Cop/Diner/objDinerBench
852	/Furniture/Cop/Diner/objPhoneBooth
853	/Furniture/objStove
854	/NPCs/Cop/Diner/objDinerChef
855	/NPCs/Cop/Diner/objDinerWaitress
856	/Furniture/Cop/Diner/objDinerCup
857	/Editor/objDinerWindowLeft
858	/Editor/objDinerWindowTop
859	/Player/Fans/objPlayerBear
860	/Furniture/Fans/PizzaPlace/objPizzaPickUp
861	/Furniture/Cop/Diner/objChange
862	/Editor/objDinerWindowBottom
863	/NPCs/Fans/PizzaPlace/objPizzaDude
864	/Interface/ScoreScreen/objScoreScreen
865	/Interface/ScoreScreen/objSmallPalmTree
866	/Player/Cobra/objPlayerCobra
867	/Furniture/Cobra/Apartment/objShaver
868	/Furniture/Cobra/Apartment/objHair
869	/Furniture/Cobra/Apartment/objForms
870	/Player/Cars/Cobra_Car/objCobraCar
871	/Player/Cars/Cobra_Car/objCobraCarFloor
873	/Player/Kills/Specific/objPKill9mm
874	/Player/Kills/Specific/objPKillUzi
875	/Enemies/Mafia/objEMafiaMeleeRandom
876	/Enemies/Mafia/objEMafiaRandom
877	/Enemies/Mafia/objEMafiaStatic
878	/Enemies/Mafia/objEMafiaPatrol
880	/Misc/Weapons/objSilencer
881	/Misc/Weapons/objClub
882	/Misc/Weapons/objMP5
883	/Enemies/Mafia/objEMafia
884	/Furniture/Cobra/NewsPaper/objCopyMachine
885	/Furniture/Cobra/NewsPaper/objEditorTable
886	/Furniture/Cobra/NewsPaper/objBeverageTable
887	/Furniture/Cobra/NewsPaper/objOfficeBoxes
888	/Furniture/Cobra/NewsPaper/objOfficeCabinet
889	/Furniture/Cobra/NewsPaper/objOfficeArmChair
890	/Furniture/Cobra/NewsPaper/objOfficeCouch
891	/Furniture/Cobra/NewsPaper/objOfficeLunchTable
892	/Furniture/Cobra/NewsPaper/objOfficeMiniGolf
893	/Furniture/Cobra/NewsPaper/objOfficeMeetingTable
894	/Furniture/Cobra/NewsPaper/objOfficeConferenceTable
895	/Furniture/Cobra/NewsPaper/objOfficeRoundTable
896	/Furniture/Cobra/NewsPaper/objOfficeReception
897	/Furniture/Cobra/NewsPaper/objOfficeDeskBig
898	/Furniture/Cobra/NewsPaper/objOfficeDeskSmall
899	/Furniture/Cobra/NewsPaper/objOfficeTrophies
900	/Furniture/Cobra/NewsPaper/objEditorAquarium
901	/Furniture/Cobra/NewsPaper/objEditorModernArt
902	/Furniture/Cobra/NewsPaper/objEditorGlassTable
903	/Furniture/Cobra/NewsPaper/objEditorLiquor
904	/Furniture/Cobra/NewsPaper/objEditorCouch
905	/Furniture/Cobra/NewsPaper/objWaterCooler
906	/Editor/objDinerWindowRight
907	/Furniture/Cobra/NewsPaper/objOfficeDrapes
908	/Furniture/Cobra/Tattoo/objTattooTrophies
909	/Furniture/Cobra/NewsPaper/objOfficeProjector
910	/Misc/Weapons/objBottle
911	/Player/Kills/objPKillBottle
912	/Player/Kills/objPKillBottleBroken
914	/NPCs/Cobra/NewsPaper/objNewsPaperEditor
916	/Enemies/Mafia/objEMafiaIdlePhoneSilencer
918	/Interface/objCobraMaskMenu
919	/Furniture/Cobra/Tattoo/objTattooRegister
920	/Furniture/Cobra/Tattoo/objTattooShelf
921	/Furniture/Cobra/Tattoo/objTattooEquipment
923	/Furniture/Cobra/Tattoo/objTattooChair
924	/Furniture/Cobra/Tattoo/objTattooBed
925	/Furniture/Floor/Tattoo/objTattooLogo
926	/NPCs/Cobra/Tattoo/objTattooClient
927	/NPCs/Cobra/Tattoo/objTattooerWork
928	/NPCs/Cobra/Tattoo/objTattooerTalk
929	/Furniture/Cobra/NewsPaper/objMoneyCase
930	/Interface/vhs/objPlay
931	/Enemies/Police/objEPoliceMeleeRandom
932	/Enemies/Police/objEPoliceRandom
933	/Enemies/Police/objEPolicePatrol
934	/Enemies/Police/objEPoliceStatic
935	/Enemies/Police/objPolice
936	/Misc/Weapons/objStick
937	/Enemies/Police/objFatPolice
938	/Enemies/Mafia/objEMafiaMeleePatrol
939	/Enemies/Police/objEPoliceMeleePatrol
940	/Misc/Weapons/objTaser
941	/Enemies/Gang/objEGangMeleePatrol
942	/Furniture/PigButcher/PoliceStation/objMetalDetector
943	/NPCs/PigButcher/PoliceStation/Jail/objPoliceInterrogation
944	/NPCs/PigButcher/PoliceStation/Jail/objPigInterrogation
945	/Furniture/PigButcher/PoliceStation/objPoliceDeskPig
946	/Furniture/PigButcher/PoliceStation/objCellDoor
947	/Furniture/PigButcher/PoliceStation/objPoliceChairPig
948	/NPCs/PigButcher/PoliceStation/Jail/objPoliceGuard
949	/NPCs/PigButcher/PoliceStation/Jail/objPigKillNeck
950	/Editor/objBarsH
951	/Editor/objBarsV
952	/Editor/objCellDoorH
953	/Furniture/PigButcher/PoliceStation/objCellBed
954	/Furniture/PigButcher/PoliceStation/objCellToilet
955	/Furniture/PigButcher/PoliceStation/objPoliceDesk
956	/Furniture/PigButcher/PoliceStation/objPolicePhoneTable
957	/Furniture/PigButcher/PoliceStation/objPoliceRecorder
958	/Furniture/PigButcher/PoliceStation/objPoliceSpeakerBooth
959	/Furniture/PigButcher/PoliceStation/objPolicePhone1
960	/Furniture/PigButcher/PoliceStation/objPolicePhone2
961	/Furniture/PigButcher/PoliceStation/objPoliceSpeakerDesk
962	/Furniture/PigButcher/PoliceStation/objPoliceFileCabinet
963	/Furniture/PigButcher/PoliceStation/objCamera
964	/Furniture/PigButcher/PoliceStation/objPoliceInterrogationDesk
965	/Furniture/PigButcher/PoliceStation/objPoliceForensicsTable
966	/Furniture/PigButcher/PoliceStation/objPoliceCoffeeTable
967	/Furniture/objTrashCan
968	/Furniture/PigButcher/PoliceStation/objPoliceArmChair
969	/Furniture/PigButcher/PoliceStation/objPoliceCouch
970	/Furniture/PigButcher/PoliceStation/objPoliceBlackBoard
971	/Furniture/PigButcher/PoliceStation/objPoliceReception
972	/Furniture/PigButcher/PoliceStation/objPoliceRelaxTable
973	/NPCs/PigButcher/PoliceStation/Jail/objPrisoner1
974	/Interface/smokebackground/objNewBGNormal
975	/Interface/smokebackground/objNewBGPig
976	/NPCs/PigButcher/PoliceStation/Interrogation/objGirlRevenge
977	/NPCs/PigButcher/PoliceStation/Interrogation/objFatPoliceInterrogate
978	/NPCs/PigButcher/PoliceStation/Interrogation/objPoliceChairWeigh
979	/Furniture/PigButcher/PoliceStation/objSpeakerTable
980	/Furniture/PigButcher/PoliceStation/objPoliceInterrogationTable
981	/Furniture/Writer/Subway/objTrainSeatsDouble
982	/Furniture/Writer/Subway/objTrainSeatsLine
983	/Furniture/Writer/Subway/objTrainStandHandles
984	/Furniture/Writer/Subway/objTrainLeanHandles
985	/Furniture/Writer/Subway/objHandles
986	/Editor/objSubwayWallH
987	/Editor/objSubwayWindowH
988	/Furniture/Writer/Subway/objSubwayDoors
989	/Interface/objTrain
990	/objStorm
991	/objSpeedLine
992	/NPCs/Writer/Subway/objGirl1Subway
993	/NPCs/Writer/Subway/objMan1Subway
994	/NPCs/Writer/Subway/objBoy2Subway
995	/NPCs/Writer/Subway/objBoy1Subway
996	/NPCs/Writer/Subway/objWoman1Subway
997	/NPCs/objNPC
998	/Player/Writer/objWriterSubway
999	/NPCs/Writer/Subway/objSubwayHobo
1000	/NPCs/PigButcher/PoliceStation/Filmset/objPoliceTakingFood
1001	/NPCs/PigButcher/PoliceStation/Filmset/objPoliceNoHat
1002	/NPCs/PigButcher/PoliceStation/Filmset/objPoliceEat
1003	/Furniture/MovieSet/objMovieDishes
1004	/Furniture/MovieSet/objMovieBuffe
1005	/NPCs/PigButcher/PoliceStation/Filmset/objPoliceTalk
1008	/Furniture/PigButcher/Apartment/objPigTub
1009	/Furniture/PigButcher/Apartment/objPigCouch
1010	/Furniture/PigButcher/Apartment/objPigDinnerTable
1011	/Furniture/PigButcher/Apartment/objPigKitchenShelf
1012	/Furniture/PigButcher/Apartment/objScript
1013	/Furniture/PigButcher/Apartment/objPigPhone
1014	/Furniture/PigButcher/Apartment/objPigKitchenTable
1015	/Furniture/PigButcher/Apartment/objPigKitchenCounter
1016	/NPCs/PigButcher/Apartment/objGirlEscape
1017	/NPCs/PigButcher/Apartment/objPigSleeping
1018	/Furniture/PigButcher/Apartment/objPigPaper
1020	/Furniture/PigButcher/Apartment/objPigTV
1022	/NPCs/PigButcher/Apartment/objPoliceKnock
1023	/Misc/objKeys
1024	/Interface/part/objPartTitle
1025	/Interface/part/Flock/objBirdpoint
1026	/Interface/part/Flock/objFlock
1027	/Interface/part/Flock/objBird
1028	/Furniture/Writer/Court/objCourtBench
1029	/Furniture/Writer/Court/objCourtChair
1030	/Furniture/Writer/Court/objCourtPodium
1031	/Furniture/Writer/Court/objCourtReporterTable
1032	/Furniture/Writer/Court/objCourtTable
1033	/Furniture/Writer/Court/objCourtJurySeats
1034	/Furniture/Writer/Court/objCourtBigTable
1035	/Furniture/Writer/Court/objCourtFence
1036	/Furniture/Writer/Court/objCourtLogo
1037	/NPCs/Writer/Court/objJury
1038	/NPCs/Writer/Court/objJuror2Idle
1039	/NPCs/Writer/Court/objJuror1Idle
1040	/NPCs/Writer/Court/objCourtReporter
1041	/NPCs/Writer/Court/objLawyer
1042	/NPCs/Writer/Court/objJudge
1043	/NPCs/Writer/Court/objJacketCourt
1044	/Player/Writer/objWriterCourt
1045	/objNextRoom
1046	/NPCs/Writer/Court/objInspectorWitness
1047	/NPCs/Writer/Court/objProsecutor
1048	/Player/Writer/objWriter
1049	/Player/Cars/Taxi/objTaxi
1050	/Player/Cars/Taxi/objTaxiFloor
1051	/Player/Fans/objPlayerSwanChainsaw
1052	/Player/Fans/objPlayerSwanGun
1053	/Enemies/objBodyPiece
1054	/Enemies/objSeveredHead
1055	/Misc/Weapons/objChainsaw
1057	/Player/Kills/Specific/objPKillChainsaw
1059	/Interface/LSDblend/objLSD
1060	/NPCs/Henchman/Highway/objHenchmanHighwayCar
1061	/NPCs/Henchman/Highway/objMoneyFly
1062	/NPCs/Henchman/Highway/objPalmTreeTop
1063	/Player/Kills/Specific/objPKillChainsawLean
1064	/Enemies/Dog/objDogPatrol
1065	/Player/objPlayerDieDog
1066	/Enemies/Dog/objDog
1067	/Player/Henchman/objPlayerHenchman
1068	/Editor/objEditorAtticDoorV
1069	/Editor/objEditorAtticDoorH
1070	/Player/Kills/Specific/objTigerKillDog
1071	/Player/Kills/objKill
1072	/Interface/objBG
1073	/Interface/vhs/objPause
1074	/Player/Cars/Fans_Van/objFansVanDrive
1075	/Effects/objCellPhone
1076	/Furniture/Henchman/ChopShop/objFerrari
1077	/Furniture/Henchman/ChopShop/objLambourghini
1078	/Furniture/Henchman/ChopShop/objMustang
1079	/Furniture/Henchman/ChopShop/objWinnebago
1080	/Furniture/Floor/Henchman/objCarFinishHose
1081	/Furniture/Henchman/ChopShop/objEngineLift
1082	/Furniture/Henchman/ChopShop/objAcadoGT
1083	/Furniture/Henchman/ChopShop/objCarTyre
1084	/Furniture/Henchman/ChopShop/objCarWorkTable
1085	/Furniture/Henchman/ChopShop/objCarVacuum
1086	/Furniture/Henchman/ChopShop/objCarWashHose
1087	/Furniture/Henchman/ChopShop/objWashBucket
1088	/Furniture/Henchman/ChopShop/objCarFinishSupplies
1089	/Furniture/Henchman/ChopShop/objCarSuppliesShelf
1090	/Furniture/Henchman/ChopShop/objCarWashSupplies
1091	/Furniture/Henchman/ChopShop/objCarPartsShelf
1092	/Furniture/Henchman/ChopShop/objCarSuppliesLocker
1093	/Furniture/Henchman/ChopShop/objCarLocker
1094	/Furniture/Henchman/ChopShop/objCarLift
1095	/Furniture/Henchman/ChopShop/objPoolTable
1096	/Furniture/Fans/Squat/objBox
1097	/Furniture/Fans/Squat/objBoxSmall
1098	/Furniture/Floor/objBrokenWallH
1099	/Furniture/Floor/objBrokenWallV
1100	/Furniture/Fans/Squat/objHookah
1101	/Effects/Water/objWaterPool
1102	/Furniture/Fans/Squat/objAtticParty
1103	/Furniture/Fans/Squat/objHomelessBed
1104	/Furniture/Fans/HQ/objFansCouch2
1105	/NPCs/Fans/HQ2/objBearCheckGun
1106	/NPCs/Fans/HQ2/objSwanRollJoint
1107	/NPCs/Fans/HQ2/objSwan2Sitting
1108	/NPCs/Fans/HQ2/objTigerDrink
1109	/NPCs/Fans/Highway/objFansVanRepair
1110	/NPCs/Fans/Highway/objHighwayNightBackground
1111	/Furniture/Fans/Highway/objStreetLight
1112	/NPCs/Fans/HQ2/objFansHQScene2
1113	/NPCs/Fans/Squat/objSister
1115	/Furniture/Floor/Henchman/objSkeletons
1116	/Interface/LSDblend/objLSDSmoke
1117	/Furniture/Floor/Henchman/objSkeletonParts
1118	/NPCs/Henchman/Highway/objCarWreck
1119	/NPCs/Henchman/Highway/objHighwayBackground
1120	/NPCs/Henchman/Home/objHenchmanLostCar
1121	/Furniture/Floor/objTigerFur
1122	/Furniture/Henchman/Home/objHenchmanAquarium
1123	/Furniture/Henchman/Home/objHenchmanBed
1124	/Furniture/Henchman/Home/objHenchmanGlassTable
1125	/Furniture/Henchman/Home/objGlassWall
1126	/Furniture/Henchman/Home/objKitchenIsland
1127	/Furniture/Henchman/Home/objHenchmanTrophies
1128	/Furniture/Henchman/Home/objHenchmanMinibar
1129	/Furniture/Henchman/Home/objHenchmanTVStereo
1130	/Furniture/Henchman/Home/objHenchmanGunCabinet
1131	/Furniture/Henchman/Home/objPoolRack
1132	/Furniture/Henchman/Home/objExerciseBike
1133	/Furniture/Henchman/Home/objHenchmanBar
1134	/Furniture/objLeatherCouch
1135	/NPCs/Henchman/Home/objHenchmanGirlfriend
1136	/Furniture/Henchman/Home/objCat
1137	/Furniture/Henchman/Home/objHenchmanKitchen
1138	/Furniture/Henchman/Home/objHenchmanPhone
1139	/Furniture/objBarStool
1140	/Furniture/Henchman/Home/objHenchmanBarStool
1141	/Furniture/Henchman/Home/objHenchmanBedSpecial
1142	/Furniture/Henchman/ChopShop/objSafe
1143	/Furniture/Henchman/ChopShop/objCarDesk
1144	/Enemies/Gang/objEGangIdleMoney
1145	/Furniture/Henchman/ChopShop/objMoneyBag
1146	/NPCs/Henchman/objAndy
1147	/Player/Cars/Henchman_Car/objHenchmanCar
1148	/Player/Cars/Henchman_Car/objHenchmanCarFloor
1149	/Furniture/Henchman/ChopShop/objSkateRamp
1150	/Furniture/Henchman/ChopShop/objSkateRail
1151	/Furniture/Henchman/ChopShop/objSkateBox
1152	/Furniture/Henchman/ChopShop/objCarDiningTable
1153	/Furniture/Henchman/Home/objNote
1154	/Furniture/Henchman/ChopShop/objGraffittiCar
1155	/Furniture/Floor/objCarCover
1156	/Glass/objGlassV
1157	/Glass/objShard
1158	/Glass/objShine
1159	/Effects/Smoke/objFirePuff
1161	/Effects/Smoke/objSmokeExhale
1162	/Effects/Smoke/objFireBall
1163	/Effects/Smoke/objFireSpark
1164	/Effects/Smoke/objElectricity
1165	/Effects/Smoke/objComputerMonitorGrey
1166	/Effects/Smoke/objComputerMonitorGreyParts
1167	/Effects/Smoke/objComputerMonitorBlack
1168	/Effects/Smoke/objComputerMonitorBlackParts
1169	/Effects/Smoke/objComputerMonitorGreyBigParts
1170	/Effects/Smoke/objComputerMonitorBlackBigParts
1172	/Effects/Smoke/objTVShards
1173	/Effects/Smoke/objTVBigParts
1174	/Effects/Smoke/objElectricSpark
1175	/Effects/Water/objWaterSplat
1176	/Effects/Water/objWaterSmudge
1177	/Effects/Water/objBigWater
1178	/Effects/Water/objWater
1179	/Glass/objPlasticShard
1180	/Effects/Smoke/objAquarium
1181	/Effects/Smoke/objAquariumWater
1182	/Interface/objJungleBG
1183	/Effects/Blood/objIntestine
1184	/Effects/Blood/objBrains
1185	/Effects/Blood/objHeadPiece
1186	/Interface/LSDblend/objLSDBlend
1187	/Interface/LSDblend/objEnemyLSD
1188	/Interface/LSDblend/objTigerBoss
1189	/Enemies/Bosses/TigerBoss/objTigerFadeV
1190	/Enemies/Bosses/TigerBoss/objTigerFadeH
1191	/Enemies/Bosses/TigerBoss/objNewBGTiger
1192	/Enemies/Bosses/TigerBoss/objTigerHead
1193	/Furniture/Jungle/Trees/objPalmTreeLSD
1194	/Furniture/Jungle/Trees/objBigTreeLSD
1195	/Enemies/Bosses/TigerBoss/objTigerAttack
1196	/Interface/LSDblend/objLSDBloodWhirl
1197	/Interface/LSDblend/objLSDParticle
1198	/Interface/LSDblend/objLSDBird
1199	/Player/Son/objSonLSD
1200	/Interface/LSDblend/objLSDFlame
1201	/Interface/LSDblend/objLSDPop
1202	/Editor/objSteelDoorH
1203	/Editor/objSteelDoorH2
1204	/Furniture/Son/Hideout/objSonAmmoBox
1205	/Furniture/Son/Hideout/objSonAquarium
1206	/Furniture/Son/Hideout/objSonCouch
1207	/Furniture/Son/Hideout/objSonShrine
1208	/Furniture/Son/Hideout/objSonDesk
1209	/Furniture/Son/Hideout/objSonTrophies
1210	/Furniture/Son/Hideout/objSonGunTable
1211	/NPCs/Son/Hideout1/objSonGuardIdlePhone
1212	/NPCs/Son/Hideout1/objSonGuardIdleSmoke
1213	/NPCs/Son/Hideout1/objSonGuardIdlePipe
1214	/NPCs/Son/Hideout1/objSonCouchHideout
1215	/Furniture/Son/Hideout/objBoxingBag
1216	/Misc/objDrugSample
1217	/NPCs/Son/Hideout1/objSonGuardIdleSit
1218	/Furniture/Son/Hideout/objSonDeskChair
1219	/Furniture/Son/Hideout/objSonSecurity
1220	/Furniture/Son/Hideout/objSonVodkaBar
1221	/Interface/Elevators/BigElevator/objBigElevator
1222	/Interface/Elevators/BigElevator/objBigElevatorMask
1223	/Interface/Elevators/BigElevator/objBigElevatorFloor
1224	/Furniture/Son/Hideout/objSonCarWhole
1225	/Player/Rat/objRat
1226	/Player/Kills/Specific/objWriterKillPunch
1227	/Misc/Weapons/objDiscardedGun
1228	/Misc/Weapons/objGunClip
1229	/NPCs/Writer/Casino/objSaunaGangster
1230	/Furniture/Writer/Casino/Downstairs/objBlackJackTable
1231	/Furniture/Writer/Casino/Downstairs/objCrapsTable
1232	/Furniture/Writer/Casino/Downstairs/objCasinoRegister
1233	/Furniture/Writer/Casino/Downstairs/objPokerTable
1234	/Furniture/Writer/Casino/Downstairs/objRouletteTable
1235	/Furniture/Writer/Casino/Downstairs/objSlotMachine
1236	/Furniture/Writer/Casino/Downstairs/objVIPArmchair
1237	/Furniture/Writer/Casino/Downstairs/objVIPBar
1238	/Furniture/Writer/Casino/Downstairs/objVIPBarShelf
1239	/Furniture/Writer/Casino/Downstairs/objVIPFootStool
1240	/Furniture/Writer/Casino/Downstairs/objVIPStatue
1241	/Furniture/Writer/Casino/Downstairs/objVIPTable
1242	/Furniture/Writer/Casino/Upstairs/objMassageTable
1243	/Furniture/Writer/Casino/Upstairs/objSaunaBench
1244	/Furniture/Writer/Casino/Upstairs/objSaunaHeater
1245	/Furniture/Writer/Casino/Upstairs/objSolariumClosed
1246	/Furniture/Writer/Casino/Upstairs/objSolariumOpen
1247	/Furniture/Writer/Casino/Upstairs/objVIPDesk
1248	/Furniture/Writer/Casino/Downstairs/objCasinoEntrance
1249	/Furniture/Writer/Casino/Downstairs/objCasinoEntranceRibbons
1250	/Furniture/Writer/Casino/Upstairs/objSmallPainting
1251	/Furniture/Writer/Casino/Upstairs/objVIPJacuzzi
1252	/Furniture/Writer/Casino/Upstairs/objVIPCloset
1253	/Furniture/Writer/Casino/Upstairs/objMassageTools
1254	/Furniture/Writer/Casino/Upstairs/objVIPMiniBar
1255	/Furniture/Writer/Casino/Upstairs/objVIPPhoneStand
1256	/Furniture/Jungle/TikiBar/objTikiBar
1257	/Furniture/Writer/Casino/Upstairs/objVIPSink
1258	/Furniture/Floor/objVIPTowels
1259	/Editor/objBalconyRailsH
1260	/Editor/objBalconyRailsV
1261	/Furniture/Writer/Casino/Upstairs/objTowelBag
1262	/Furniture/Writer/Casino/Upstairs/objTowelDisposal
1263	/NPCs/Writer/Casino/objCasinoGuard
1264	/NPCs/Writer/Casino/objAskForHelp
1265	/NPCs/Writer/Casino/objCasinoEnemy
1266	/Effects/WaterBlood/objSewerWaterLarge
1269	/Effects/WaterBlood/objSewerWaterMedium
1270	/Effects/WaterBlood/objSewerWaterSmall
1271	/Editor/objSewerWallV
1272	/Editor/objSewerWallH
1273	/objWaterSplash
1274	/Effects/WaterBlood/objSewerWater
1275	/Furniture/Fans/Sewer/objBigPipe
1276	/Furniture/Fans/Sewer/objMediumPipe
1277	/Furniture/Fans/Sewer/objSmallPipe
1278	/Furniture/Fans/Sewer/objSewerPipe
1279	/Furniture/Fans/Sewer/objSewerPipeEnd
1280	/Furniture/Floor/objSewerVentillation
1281	/Effects/WaterBlood/objWaterSteps
1282	/Interface/Rain/objSewerDrip
1283	/Interface/smokebackground/objNewBGUNUSED
1284	/Interface/objSewerBackground
1285	/Furniture/Fans/Sewer/objSewerEntrance
1286	/Furniture/Floor/Sewers/objLeaveOrDie
1287	/NPCs/Fans/Sewers/objFanSewers
1288	/Furniture/Fans/Sewer/objSewerLadder
1289	/Enemies/Gang/objEGangFat
1290	/Player/Kills/Specific/objTigerKnee
1291	/Furniture/Fans/Sewer/objPlasticFloor
1292	/Furniture/Fans/Sewer/objTortureTable
1293	/Furniture/Fans/Sewer/objAcidBath3
1294	/Furniture/Fans/Sewer/objAcidBath2
1295	/Furniture/Fans/Sewer/objAcidBath1
1296	/Furniture/Fans/Sewer/objAcidContainer
1297	/Furniture/Fans/Sewer/objBodyBag
1298	/Furniture/Fans/Sewer/objBodyBagPart
1299	/Furniture/Fans/Sewer/objManholeToxicWaste
1300	/Furniture/Fans/Sewer/objPlasticCoverChair
1301	/Furniture/Jungle/objPlasticDrape
1302	/Furniture/Jungle/objPlasticDrapes
1303	/Player/Kills/Specific/objSwanKillFat
1304	/Furniture/Floor/objAcidPuddle
1305	/Furniture/Fans/Sewer/objSewerGrateKick
1306	/Furniture/Jungle/TikiBar/objTikiWindowFlap
1307	/Furniture/Jungle/TikiBar/objTikiTable
1308	/Furniture/Jungle/TikiBar/objTikiStatue
1309	/Furniture/Jungle/TikiBar/objTikiChair
1310	/NPCs/Soldiers/TikiBar/objWarBear
1311	/NPCs/Soldiers/TikiBar/objWarSwan1
1312	/NPCs/Soldiers/TikiBar/objWarSwan2
1313	/NPCs/Soldiers/TikiBar/objWarTiger
1314	/NPCs/Soldiers/TikiBar/objWarZebra
1315	/NPCs/Soldiers/TikiBar/objWarWriter
1316	/NPCs/Soldiers/TikiBar/objWarPhotographer
1317	/NPCs/Soldiers/TikiBar/objUSASoldier
1318	/NPCs/Soldiers/TikiBar/objWarSquadBlack
1319	/NPCs/Soldiers/TikiBar/objWarSquadFat
1320	/NPCs/Soldiers/TikiBar/objWarNicke
1321	/NPCs/Soldiers/TikiBar/objWarJacket
1322	/NPCs/Soldiers/TikiBar/objShelby
1323	/Furniture/Writer/HipsterBar/objHipsterBar
1324	/Furniture/Writer/HipsterBar/objHipsterBarBottles
1325	/Furniture/Writer/HipsterBar/objHipsterChairs
1326	/Furniture/Writer/HipsterBar/objHipsterTable
1327	/Furniture/Writer/HipsterBar/objHipsterJukebox
1328	/NPCs/Writer/HipsterBar/objHipsterBartender
1329	/NPCs/Writer/HipsterBar/objWriterHipsterBar
1330	/NPCs/Writer/HipsterBar/objCopHipsterBar
1331	/NPCs/Writer/HipsterBar/objCopLegsSit
1332	/Interface/VHSMenu/objVHSBox
1333	/Interface/VHSMenu/objBoxSelector
1335	/Interface/VHSMenu/objFader
1336	/Interface/VHSMenu/objMidnightVHS
1337	/Enemies/Victims/objVictim
1338	/Editor/objWallCorner
1339	/Editor/objBrickWallCorner
1340	/Player/Kills/objPigKillLean
1341	/Player/Cars/Military_Jeep/objMilitaryJeepUSA
1342	/Player/Cars/Military_Jeep/objMilitaryJeepUSARoof
1343	/Player/Kills/Specific/objWriterKillBlunt
1344	/Player/Kills/Specific/objWriterKillLean
1345	/Editor/objBlackRailsH
1346	/Furniture/Son/StripClub/objStripClubTable
1347	/Player/Son/objSon
1348	/Misc/Weapons/objFamae
1349	/Misc/Weapons/objMendoza
1350	/Misc/Weapons/objShardBlade
1351	/Misc/Weapons/objSkateboard
1352	/Misc/Weapons/objMagnum
1353	/Enemies/Colombians/objColombian
1354	/Enemies/Colombians/objColombianMeleeRandom
1355	/Enemies/Colombians/objColombianMeleePatrol
1356	/Enemies/Colombians/objColombianRandom
1357	/Enemies/Colombians/objColombianStatic
1358	/Enemies/Colombians/objColombianPatrol
1359	/Enemies/Colombians/objColombianIdlePipe
1360	/Interface/objSonStyleMenu
1361	/Player/Kills/Specific/objSonKillKnife
1362	/Player/Kills/Specific/objSonKillClub
1363	/Player/Kills/Specific/objSonKillStomp
1364	/Player/Kills/Specific/objSonKillSword
1365	/Player/Kills/Specific/objPKillMachete
1366	/Player/Cars/Son_Car/objSonCar
1367	/Player/Cars/Son_Car/objSonCarBottom
1368	/Misc/Weapons/objSword
1369	/Effects/discolights/objDiscoLights
1370	/Effects/discolights/objDiscoDarkness
1371	/Furniture/Writer/Subway/objSubwayGate
1372	/Furniture/Writer/Subway/objSubwayGateHolder
1373	/Furniture/Writer/Subway/objSubwayBench
1374	/Furniture/Writer/Subway/objSubwayLocker
1375	/Furniture/Writer/Subway/objSubwayTrain
1376	/Furniture/Writer/Subway/objSubwayBillBoard
1377	/Furniture/Writer/Subway/objSubwayMap
1378	/Furniture/Writer/Subway/objSubwayTicketMachine
1379	/Furniture/Writer/Subway/objSubwayTimeDisplay
1380	/Furniture/Writer/Subway/objSubwayNameDisplay
1381	/Furniture/Writer/Subway/objSubwayClosedGate
1382	/Furniture/Writer/Subway/objSubwayGlassWall
1383	/Furniture/Writer/Subway/objHoboCart
1384	/Furniture/Writer/50Blessings/objBunkerBed
1385	/Furniture/Writer/50Blessings/objBunkerCabinet
1386	/Furniture/Writer/50Blessings/objBunkerComputerTable
1387	/Furniture/Writer/50Blessings/objBunkerEmptyBoxes
1388	/Furniture/Floor/Bunker/objBunkerFiles
1389	/Furniture/Writer/50Blessings/objBunkerWaterFilter
1390	/Furniture/Writer/50Blessings/objBunkerGenerators
1391	/Furniture/Writer/50Blessings/objBunkerShelves
1392	/Furniture/Floor/Bunker/objBrokenComputerParts
1393	/Furniture/Floor/Bunker/obj50BlessingsCrap
1394	/Furniture/Floor/Bunker/objBunkerMasks
1395	/Furniture/Floor/MethLab/objMethSupplies
1396	/Furniture/Floor/MethLab/objGasMask
1397	/Furniture/Cobra/MethLab/objMethExplosion
1398	/Furniture/Cobra/MethLab/objMethLab
1399	/Furniture/Writer/50Blessings/objBasketballHoop
1400	/Furniture/Writer/50Blessings/objCopyingMachineBroken
1401	/Furniture/Writer/50Blessings/objBunkerMeetingTable
1402	/Furniture/Jungle/Hotel/objBrokenTable
1403	/Furniture/Floor/Bunker/obj50BlessingsFlag
1404	/Furniture/Writer/50Blessings/obj50BlessingsTable
1405	/Furniture/Writer/50Blessings/objBunkerCounter
1406	/Furniture/Writer/50Blessings/objBunkerKitchen
1407	/Furniture/Writer/50Blessings/objBunkerWorkTable
1408	/Furniture/Writer/50Blessings/objBurntOutHoboFire
1409	/Furniture/Writer/50Blessings/objBunkerChair
1410	/Furniture/Writer/50Blessings/objAirDuct
1411	/Editor/objBunkerWallH
1412	/Editor/objBunkerWallV
1413	/Editor/objBunkerCorner
1414	/Furniture/Writer/50Blessings/objBunkerDoor
1415	/objEnemyHide
1416	/objEnemySpawn
1417	/objDarkness
1418	/Furniture/Jungle/Hotel/objBrokenBlackJackTable
1419	/Furniture/Jungle/Hotel/objBrokenDiceTable
1420	/Furniture/Jungle/Hotel/objBrokenPokerTable
1421	/Furniture/Jungle/Hotel/objBrokenRouletteTable
1422	/Furniture/Jungle/Hotel/objBrokenAquarium
1423	/Furniture/Jungle/Hotel/objBrokenAquariumWater
1424	/Furniture/Floor/Hotel/objBrokenPalmTree
1425	/NPCs/Writer/50Blessings/objMaskHoboOwl
1426	/NPCs/Writer/50Blessings/objMaskHoboWolf
1427	/NPCs/Writer/50Blessings/objMaskHoboGiraffe
1428	/NPCs/Writer/50Blessings/objMaskHoboMonkey
1429	/NPCs/Writer/50Blessings/objMaskHoboPanther
1430	/NPCs/Writer/50Blessings/objMaskHoboLocust
1431	/NPCs/Writer/50Blessings/objMaskHoboChameleon
1432	/NPCs/Writer/50Blessings/objMaskHoboElephant
1433	/NPCs/Writer/50Blessings/objMaskHoboChicken
1434	/NPCs/Writer/50Blessings/objMaskHoboSit
1435	/NPCs/Writer/50Blessings/objMaskHoboStanding
1436	/Furniture/Floor/Bunker/obj50BlessingsLogoCandles
1437	/Misc/objWriterJacket
1438	/Furniture/Floor/Hotel/objHotelPaintingBroken
1439	/Furniture/Floor/Hotel/objHotelPool
1440	/Furniture/Jungle/Hotel/objHotelPlantsHolder1
1441	/Furniture/Jungle/Hotel/objHotelPlant1
1442	/Furniture/Jungle/Hotel/objHotelPlantsHolder2
1443	/Furniture/Jungle/Hotel/objHotelPlant2
1444	/Furniture/Jungle/Hotel/objBrokenBar2
1445	/Furniture/Jungle/Hotel/objBrokenBarBottles
1446	/Furniture/Jungle/Hotel/objHotelBed
1447	/Furniture/Jungle/Hotel/objHotelCloset
1448	/Furniture/Jungle/Hotel/objHotelMiniBar
1449	/Furniture/Jungle/Hotel/objHotelNightStand
1450	/Furniture/Jungle/Hotel/objHotelSink
1451	/Furniture/Jungle/Hotel/objBoardedWindow
1452	/Furniture/Jungle/Hotel/objHotelPainting
1453	/Furniture/Jungle/Hotel/objBrokenDiningTable
1454	/Furniture/Jungle/Hotel/objHotelBuffe
1455	/Effects/Debris/objWoodDebris
1456	/Furniture/Jungle/Hotel/objParasol
1457	/Furniture/Jungle/Hotel/objSunChair
1458	/Furniture/Jungle/Hotel/objBrokenReception
1460	/Enemies/Soldier/objSoldierHiding
1461	/NPCs/Cobra/Meth/objCobraEnemy
1463	/Furniture/Floor/MethLab/objExplosionGround
1464	/Enemies/Mafia/objEMafiaFat
1466	/Furniture/Cobra/50BlessingsOffice/obj50BlessingsBluePrints
1467	/Furniture/Cobra/50BlessingsOffice/obj50BlessingsForms
1468	/Furniture/Cobra/50BlessingsOffice/obj50BlessingsDesk
1469	/NPCs/Cobra/50Blessings/objCobraChair
1470	/Furniture/Cobra/50BlessingsOffice/objManagerVan
1471	/Effects/Debris/objMethDebris
1472	/NPCs/Cobra/50Blessings/objCobraSitChair
1473	/NPCs/Cobra/50Blessings/obj50Manager
1474	/Misc/objFloppy
1475	/Furniture/Rat/Bar/objRussianBarFlag
1476	/Furniture/Rat/Bar/objTVHolder
1477	/Furniture/Rat/Bar/objRussianBarBottles
1478	/Furniture/Rat/Bar/objHuntingTrophy
1479	/Furniture/Rat/Bar/objDartBoard
1480	/Furniture/Rat/Bar/objRussianBarStove
1481	/Furniture/Rat/Bar/objRussianPokerTable
1482	/Furniture/Son/StripClub/objStripClubArmChair
1483	/Furniture/Son/StripClub/objStripClubBar
1484	/Furniture/Son/StripClub/objStripClubBooth
1485	/Furniture/Son/StripClub/objStripClubBoothSmall
1486	/Furniture/Son/StripClub/objStripClubMinibar
1487	/Furniture/Son/StripClub/objStripClubEntryPodium
1488	/Furniture/Son/StripClub/objStripClubPodium
1489	/Furniture/Son/StripClub/objStripClubPodiumLights
1490	/Furniture/Son/StripClub/objStripClubPole
1491	/Furniture/Son/StripClub/objStripClubRunway
1492	/Furniture/Son/StripClub/objStripClubRunwayLights
1493	/Furniture/Son/StripClub/objStripClubSmallTable
1494	/Furniture/Son/StripClub/objStripClubStool
1495	/Furniture/Son/StripClub/objStripClubWardrobe
1496	/Furniture/Son/StripClub/objStripClubPlant
1497	/Furniture/Son/StripClub/objStripClubDJPlayer
1498	/Interface/smokebackground/objNewBGSon
1499	/Effects/discolights/objChangingRoomLight
1500	/Effects/discolights/objBoothLight
1501	/Furniture/Son/StripClub/objStripClubMakeUpTable
1502	/Furniture/Son/StripClub/objStripClubPodiumPrivate
1503	/Furniture/Son/StripClub/objStripClubClothesRack
1504	/Furniture/Floor/objStripClubClothes
1505	/Editor/objMakeUpMirror
1506	/Furniture/Rat/Abandonned_Building/objFloorHole1
1507	/Furniture/Rat/Abandonned_Building/objFloorHole2
1508	/Furniture/Rat/Abandonned_Building/objFloorHole3
1509	/Furniture/Rat/Abandonned_Building/objFloorHole4
1511	/Furniture/Rat/Abandonned_Building/objRenovationWallH
1512	/Furniture/Rat/Abandonned_Building/objRenovationWallV
1513	/Furniture/Rat/Abandonned_Building/objFloorBoard
1514	/Interface/vhs/VHSOptions/objPauseMenu
1515	/Furniture/Rat/Villa/objChildrensBed
1516	/Furniture/Rat/Villa/objRichDiningTable
1517	/Furniture/Rat/Villa/objRichDesk
1518	/Furniture/Rat/Villa/objSmallLiquorTable
1519	/Furniture/Rat/Villa/objFountainStatue
1520	/Furniture/Rat/Villa/objToyGun
1521	/Furniture/Rat/Villa/objToyLego
1522	/Furniture/Rat/Villa/objToyTurtle
1523	/Furniture/Rat/Villa/objRichWorkTable
1524	/Furniture/Rat/Villa/objRichMinibar
1525	/Furniture/Henchman/ChopShop/objBeerCooler
1526	/Furniture/Henchman/ChopShop/objSkateBox2
1527	/Furniture/Henchman/ChopShop/objHalfPipe
1528	/Furniture/Floor/objBrokenSkateboard
1529	/Furniture/Floor/Hotel/objLuggage
1530	/Enemies/Guards/objGuardMeleeRandom
1531	/Enemies/Guards/objGuardMeleePatrol
1532	/Enemies/Guards/objGuardRandom
1533	/Enemies/Guards/objGuardStatic
1534	/Enemies/Guards/objGuardPatrol
1535	/Enemies/Guards/objGuard
1536	/Furniture/Son/Bank/objBankChair
1537	/Furniture/Son/Bank/objBankArmchair
1538	/Furniture/Son/Bank/objBankSofa
1539	/Furniture/Son/Bank/objBankCouch
1540	/Furniture/Son/Bank/objBankRegisters
1541	/Furniture/Son/Bank/objBankLoungeTable
1542	/Furniture/Son/Bank/objBankDesk
1543	/Furniture/Son/Bank/objBankSecurity
1544	/Furniture/Son/Bank/objArmoredTransport
1545	/Player/Kills/objPKillStick
1546	/NPCs/Son/Bank/objRobberBag
1547	/NPCs/Son/Bank/objRobber
1548	/Misc/objWeaponBag
1549	/Furniture/Son/Bank/objVaultOpening
1550	/Furniture/Son/Bank/objBankLunchTable
1551	/Furniture/Son/Bank/objBankMeetingTable
1552	/Furniture/Son/Bank/objBankMoneyTable
1553	/Furniture/Son/Bank/objBankMoneyCarrier
1555	/Editor/objVaultDoor
1556	/Furniture/Son/Bank/objBankMoneyCarrierStack
1557	/Furniture/Son/Bank/objBankLocker
1558	/NPCs/Son/Bank/objBanker
1560	/Furniture/Son/Bank/objGoldBar
1561	/Furniture/Son/Bank/objGoldStack
1562	/Furniture/Son/Bank/objVaultMoneyBag
1563	/Furniture/Son/Bank/objVaultTrophy
1564	/NPCs/Son/Bank/objBodyGuard
1565	/NPCs/Son/Bank/objGrandFather
1566	/NPCs/Son/Bank/objFather
1567	/Furniture/Son/Bank/objVaultMoneyCase
1568	/Interface/objShade
1569	/Editor/Editor_Menus/objWindowList
1571	/Furniture/Jungle/Trees/objAlienPlant1
1572	/Furniture/Jungle/Trees/objAlienPlant4
1573	/Furniture/Fans/Squat/objFootBall
1574	/Furniture/objLeatherCouchSmall
1575	/Interface/objEditorBackgroundColor
1576	/Editor/Editor_Menus/objTopMenu
1577	/Editor/Editor_Menus/objQuery
1578	/Editor/Editor_Menus/objSelectPlayer
1579	/Editor/Editor_Menus/objEditorWindow
1580	/Editor/objEditorCharacters
1581	/Editor/objNextButton
1582	/Editor/objEditorPlayer
1583	/Editor/objEditorCar
1584	/Editor/objLoadLevel
1585	/Player/Cars/objCar
1586	/Editor/Editor_Menus/objDialogueEditor
1587	/Furniture/Fans/HQ/objBearCar
1588	/Furniture/Fans/HQ/objBearCarTrunk
1589	/Misc/objMaskBox
1590	/NPCs/Fans/HQ5/objFansHQScene5
1591	/NPCs/Fans/HQ5/objSwan1HQ5
1592	/NPCs/Fans/HQ5/objTigerHQ5
1593	/NPCs/Fans/HQ5/objZebraHQ5
1594	/NPCs/Fans/HQ5/objBearHQ5
1595	/NPCs/Fans/HQ5/objSwan2HQ5
1596	/Effects/Ocean/objOcean
1598	/Effects/Ocean/objOceanDay
1599	/NPCs/Soldiers/Hotel/Beach/objJacketSunBathing
1600	/NPCs/Soldiers/Hotel/Beach/objSquadCards
1601	/NPCs/Soldiers/Hotel/Beach/objGeneralDrink
1602	/Furniture/Floor/Jungle/objSurfBoard
1603	/Furniture/Jungle/Beach/objCrab
1604	/NPCs/Soldiers/Hotel/Outside/objUSASoldierM16
1605	/NPCs/Soldiers/Hotel/Outside/objUSASoliderShotgun
1606	/NPCs/Soldiers/Hotel/Outside/objSquadBlackLean
1607	/NPCs/Soldiers/Hotel/Outside/objSquadFatLean
1608	/NPCs/Soldiers/Hotel/Aftermath/objHotelAftermath
1609	/Furniture/Jungle/objHotelCars
1610	/NPCs/Fans/HQ4/objZebraIdle
1611	/NPCs/Fans/HQ4/objTigerLeanTable
1612	/NPCs/Fans/HQ4/objFansHQScene4
1613	/NPCs/Fans/HQ4/objSwanIdleJoint
1614	/Player/Son/objSonIdleBox
1615	/NPCs/Son/Hideout2/objHenchmanEnter
1616	/Furniture/Fans/SwanApartment/objSwanArmChair
1617	/Furniture/Fans/SwanApartment/objSwanBed
1618	/Furniture/Fans/SwanApartment/objSwanTable
1619	/Furniture/Fans/SwanApartment/objSwanPhones
1620	/Furniture/Fans/SwanApartment/objSwanStereo
1621	/Furniture/Fans/SwanApartment/objSwanTVShelf
1622	/Furniture/Fans/SwanApartment/objSwanKitchenIsland
1623	/Furniture/Fans/SwanApartment/objSwanCouch
1625	/Misc/objSwanOutfit
1626	/Misc/objSwanClothes
1627	/NPCs/Fans/SwanAparmtent/objSwanTowel
1628	/NPCs/Fans/SwanAparmtent/objSwanAparment
1629	/Furniture/Cobra/50BlessingsBunker/obj50BlessingsFileCabinetNew
1630	/Furniture/Cobra/50BlessingsBunker/obj50BlessingsComputerTableNew
1632	/Furniture/Cobra/50BlessingsBunker/obj50BlessingsCounterNew
1633	/Furniture/Cobra/50BlessingsBunker/obj50BlessingsKitchenNew
1634	/Furniture/Cobra/50BlessingsBunker/obj50BlessingsTableNew
1635	/Furniture/Cobra/50BlessingsBunker/obj50BlessingsKitchenTableNew
1636	/Furniture/Cobra/50BlessingsBunker/obj50BlessingsFoodPrep
1637	/NPCs/Cobra/50BlessingsBunker/obj50BlessingsNerd
1638	/NPCs/Cobra/50BlessingsBunker/obj50ManagerBunker
1639	/NPCs/Son/Hideout3/objRobberVodka
1640	/NPCs/Son/Hideout3/objRobberVodkaBag
1641	/NPCs/Son/Hideout3/objHideout3
1642	/Misc/LightSmoke/objNightmareLight
1643	/Furniture/Writer/BikerBar/objBrokenBar
1644	/Furniture/Writer/BikerBar/objBrokenBarBooth
1645	/Furniture/Writer/BikerBar/objBrokenBarChair
1646	/Furniture/Writer/BikerBar/objBrokenBarCouch
1647	/Furniture/Writer/BikerBar/objBrokenBarTable
1648	/Furniture/Writer/BikerBar/objBrokenBarTableFans
1649	/NPCs/Writer/BikerBar/objBikerBroken
1650	/NPCs/Writer/BikerBar/objZebraBroken
1651	/NPCs/Writer/BikerBar/sprBearBroken
1652	/NPCs/Writer/BikerBar/objCobraBroken
1653	/NPCs/Writer/BikerBar/objSonBroken
1654	/NPCs/Writer/BikerBar/objPigBroken
1655	/NPCs/Writer/BikerBar/objNickeBroken
1656	/NPCs/Writer/BikerBar/objWriterBroken
1657	/Editor/objCursor
1658	/Furniture/Fans/DeathWish/objFancyDesk
1659	/Furniture/Fans/DeathWish/objFancyDeskBase
1660	/Furniture/Fans/DeathWish/objFancyOfficeChair
1661	/Furniture/Fans/DeathWish/objFancyOfficeCouch
1662	/Furniture/Fans/DeathWish/objFancyOfficeCouchSmall
1663	/Furniture/Fans/DeathWish/objFancyOfficeFountainBig
1664	/Furniture/Fans/DeathWish/objFancyOfficeFountainMedium
1665	/Furniture/Fans/DeathWish/objFancyOfficeFountainSmall1
1666	/Furniture/Fans/DeathWish/objFancyOfficeFountainSmall2
1667	/Furniture/Fans/DeathWish/objFancyOfficeMeetingTable1
1668	/Furniture/Fans/DeathWish/objFancyOfficeMeetingTable2
1669	/Furniture/Fans/DeathWish/objFancyOfficeTable
1670	/Furniture/Fans/DeathWish/objFancyOfficeMiamiModel
1671	/Furniture/Fans/DeathWish/objFancyOfficeTree
1672	/Furniture/Fans/DeathWish/objFancyOfficeWallLamp
1673	/Furniture/Fans/DeathWish/Lab/objFancyLabCounterBig
1674	/Furniture/Fans/DeathWish/Lab/objFancyLabCounterSmall1
1675	/Furniture/Fans/DeathWish/Lab/objFancyLabCounterSmall2
1676	/Furniture/Fans/DeathWish/Lab/objFancyLabCart
1677	/Furniture/Fans/DeathWish/objFancyOfficeMeetingTableSmall
1678	/Furniture/Fans/DeathWish/objFancyFloorLight
1679	/Effects/Smoke/objWallTV
1680	/Furniture/Fans/DeathWish/Lab/objFancyLabIsland
1681	/Furniture/Son/Bank/objBankWhiteBoard
1682	/Furniture/Fans/DeathWish/objFancyFloorLightDark
1683	/Furniture/Fans/DeathWish/Roof/objRoofGenerator
1684	/Furniture/Fans/DeathWish/Roof/objRoofVent
1685	/Furniture/Fans/DeathWish/Roof/objRoofHelipad
1686	/Editor/objRoofWallH
1687	/Editor/objRoofWallV
1688	/Editor/objRoofWallCorner
1689	/NPCs/Fans/DeathWish/objSwan2BreakIn
1690	/NPCs/Fans/DeathWish/objSwan1DeathWish
1691	/NPCs/Fans/DeathWish/objTigerDeathWish
1692	/NPCs/Fans/DeathWish/objBearDeathWish
1693	/NPCs/Fans/DeathWish/objZebraDeathWish
1694	/NPCs/Fans/DeathWish/objDeathWishFloor1
1695	/Furniture/Cop/Mall/objSlidingDoorsDark
1696	/NPCs/Fans/DeathWish/objLockedSlidingDoors
1697	/NPCs/Fans/DeathWish/objDeathWishRoof
1699	/NPCs/Fans/DeathWish/objSwanRoof
1700	/Interface/vcapexample/objVideoCapturer
1702	/NPCs/Fans/DeathWish/objSonRoof
1703	/NPCs/Fans/DeathWish/objWalkieTalkie
1704	/NPCs/Fans/HQParty/objCastanets
1705	/NPCs/Fans/HQParty/objCocoBryce
1706	/NPCs/Fans/HQParty/objMagicSword
1707	/NPCs/Fans/HQParty/objScattle
1708	/NPCs/Fans/HQParty/objCarpenterBrut
1709	/NPCs/Fans/HQParty/objElin
1710	/NPCs/Fans/HQParty/objMagna
1711	/NPCs/Fans/HQParty/objRiddarna
1712	/Furniture/Floor/objElTigre
1713	/Furniture/Floor/objMegaDrive
1714	/NPCs/Fans/PizzaPlace/objMike
1715	/NPCs/Fans/PizzaPlace/objNigel
1716	/NPCs/Fans/PizzaPlace/objHarry
1717	/NPCs/Fans/PizzaPlace/objAndrew
1718	/NPCs/Fans/PizzaPlace/objGraeme
1719	/NPCs/Fans/PizzaPlace/objRick
1720	/NPCs/Fans/PizzaPlace/objRicksBird
1721	/Furniture/Fans/PizzaPlace/objPizzaTableNoChairs
1722	/Interface/Scene/City/objBloodDrawRed
1723	/Furniture/Writer/Court/objCourtEvidence
1724	/Editor/objSubwayWallV
1725	/Editor/objBoatRailingH
1726	/Editor/objBoatRailingV
1727	/Furniture/Cop/Boat/objContainerFloor
1728	/Furniture/Cop/Boat/objContainer
1729	/Furniture/Cop/Boat/objBoatBridge
1730	/Furniture/Cop/Boat/objBoatTurbine
1731	/Furniture/Cop/Boat/objBoatBed
1732	/Furniture/Cop/Boat/objBoatCargoBig
1733	/Furniture/Cop/Boat/objBoatCargoSmall
1734	/Furniture/Cop/Boat/objBoatSuppliesMeds
1735	/Furniture/Cop/Boat/objBoatTable
1736	/Furniture/Cop/Boat/objBoatRing
1737	/Enemies/Colombians/objColombianHiding
1738	/Effects/BoatWaves/objWaves
1740	/Furniture/Floor/sprEntryBridge
1741	/Furniture/Cop/Boat/objBoatRope
1742	/Furniture/Cop/Boat/objForkLift
1743	/Furniture/Cop/Boat/objSeagull
1744	/Furniture/Cop/Boat/objBoatLamp
1745	/Furniture/Cop/Boat/sprBoatLampBroken
1746	/Misc/LightSmoke/objBoatFrost
1747	/Misc/LightSmoke/objFrostSparkle
1748	/Furniture/Jungle/Trees/objPalmTreeEvening
1749	/Furniture/Jungle/Trees/objBigTreeEvening
1750	/NPCs/Soldiers/PowerPlant/objNickeSitGround
1751	/NPCs/Soldiers/PowerPlant/objTentScene
1752	/NPCs/Soldiers/PowerPlant/objGeneralCrazy
1753	/Furniture/Floor/Jungle/objGeneralFlag
1754	/Furniture/Floor/Jungle/objPantherDead
1755	/Furniture/Floor/Jungle/objPantherFace
1757	/Furniture/Jungle/PowerPlant/objPowerPlantBox
1758	/Furniture/Jungle/PowerPlant/objPowerPlantBox2
1759	/Furniture/Jungle/PowerPlant/objPowerPlantTesla
1760	/Furniture/Jungle/PowerPlant/objPowerPlantTurbine
1761	/Furniture/Jungle/PowerPlant/objPowerPlantTurbineSmall
1762	/Editor/objPowerPlantFenceH
1763	/Editor/objPowerPlantFenceV
1764	/Furniture/Jungle/PowerPlant/objPowerPlantDangerSignBroken
1765	/Furniture/Jungle/PowerPlant/objPowerPlantDangerSign
1766	/Furniture/Jungle/PowerPlant/objPowerLineEnd
1767	/Furniture/Jungle/PowerPlant/objPowerLineMiddle
1768	/Furniture/Jungle/PowerPlant/objPowerLines
1769	/Furniture/Jungle/PowerPlant/objPowerPlantPipes
1770	/Effects/JungleEveningOverlay/objJungleEveningOverlay
1771	/Interface/Scene/NickeScene/objJungleEveningScene
1772	/Interface/Scene/NickeScene/objJungleEveningBG
1773	/NPCs/Soldiers/PowerPlant/objGeneralStand
1774	/NPCs/Soldiers/Jungle/objSquadFatIdleGun
1775	/Furniture/Jungle/PowerPlant/CaveStuff/objCaveOpening
1776	/Furniture/Jungle/PowerPlant/objPowerLineWall
1777	/Furniture/Jungle/PowerPlant/objParkingLot
1778	/Furniture/Jungle/PowerPlant/objCarFiat
1779	/Editor/objPowerPlantWallBroken
1780	/NPCs/Soldiers/PowerPlant/objSquadBlackPullWall
1781	/Furniture/Jungle/PowerPlant/Inside/objPowerPlantMonitor1
1782	/Furniture/Jungle/PowerPlant/Inside/objPowerPlantMonitor2
1783	/Furniture/Jungle/PowerPlant/Inside/objPowerPlantMonitor3
1784	/Furniture/Jungle/PowerPlant/Inside/objPowerPlantTerminal
1785	/Furniture/Jungle/PowerPlant/Inside/objPowerPlantFuseBox
1786	/Furniture/Jungle/PowerPlant/Inside/objPowerPlantMonitor1Dead
1787	/Furniture/Jungle/PowerPlant/Inside/objPowerPlantMonitor2Dead
1788	/NPCs/Soldiers/PowerPlant/objRussianGeneralSuicide
1789	/Furniture/Floor/objEngineerDeadWall
1790	/Furniture/Floor/objEngineerDead
1791	/NPCs/Soldiers/PowerPlant/objSquadBlackPickLock
1792	/NPCs/Soldiers/PowerPlant/objSquadJacketPowerPlant
1793	/NPCs/Soldiers/PowerPlant/objPowerPlantScene
1794	/Effects/ElevatorExplosion/objExplodingElevator
1796	/Furniture/Jungle/PowerPlant/CaveStuff/objPowerPlantExplosions
1797	/NPCs/Soldiers/PowerPlant/Outro/objJacketThanks
1803	/Effects/NuclearBlast/objNuclearBombNicke
1804	/Furniture/Cop/Mall/FoodStore/objStoreCounter
1805	/Player/Nicke/objNickeStore
1806	/NPCs/Writer/Subway/objSubwayExit
1809	/Enemies/Bosses/SwanBoss/objSwanBossBody
1810	/Enemies/Bosses/SwanBoss/objSwanChainsawHead
1811	/Enemies/Bosses/SwanBoss/objSwanGunHead
1812	/Enemies/Bosses/SwanBoss/objSwanBullet
1814	/Enemies/Bosses/SwanBoss/objSwanShadow
1815	/Enemies/Bosses/SwanBoss/objSwanBrainChunk
1816	/Enemies/Bosses/SwanBoss/objSwanShadowDive
1817	/Enemies/Bosses/SwanBoss/objSwanChunks
1818	/Misc/Weapons/objAxe
1822	/Enemies/Bosses/BearBoss/objBearBoss
1823	/Player/objPlayerDieBear
1824	/Enemies/Bosses/BearBoss/objGolfBag
1825	/Enemies/Bosses/ZebraBoss/objZebraGlassV
1826	/Enemies/Bosses/ZebraBoss/objZebraShard
1827	/Enemies/Bosses/ZebraBoss/objZebraShine
1828	/Enemies/Bosses/ZebraBoss/objZebraBoss
1829	/Enemies/Bosses/ZebraBoss/objZebraLauncher
1830	/Enemies/Bosses/ZebraBoss/objZebraFade
1831	/Enemies/Bosses/ZebraBoss/objZebraParts
1832	/Effects/Rainbow/objRainbow
1833	/Interface/Credits/objCredits
1834	/Interface/Credits/objCredits2
1835	/Effects/Rainbow/objHeavensGateLeft
1836	/Effects/Rainbow/objHeavensGateRight
1837	/Enemies/objBoss
1838	/Furniture/Son/LSD/objSonStashTable
1840	/NPCs/Son/LSD/LSDGate/objMafiaDrinkLSD
1841	/NPCs/Son/LSD/LSDGate/objMafiaDrinkBagLSD
1842	/NPCs/Son/LSD/LSDGate/objMafiaSlither
1843	/NPCs/Son/LSD/LSDGate/objMafiaSuicide
1844	/Player/Kills/Specific/objSonKillMafia
1845	/NPCs/Son/LSD/LSDGate/objLSDGateScene
1846	/NPCs/Son/LSD/LSDGate/objSonSuckedIn
1847	/Furniture/Son/LSD/objSonCouchLSD
1848	/Furniture/Son/LSD/objLSDSink
1849	/Furniture/Son/LSD/objSonTableLSD
1850	/NPCs/Son/LSD/Intro/objLSDIntro
1851	/NPCs/Son/LSD/Intro/objSonTakeLSD
1852	/NPCs/Son/LSD/Intro/objMafiaFlip
1853	/Furniture/Son/LSD/objLSDShotgun
1854	/Enemies/Mafia/objFatMafiaLSD
1855	/Furniture/Son/LSD/objLSDBush
1856	/Furniture/Son/LSD/objLSDBushBig
1857	/Furniture/Son/LSD/objLSDBushCorner
1858	/Furniture/Son/LSD/objLSDBushSmall
1859	/Furniture/Son/LSD/objLSDBushBigVines
1860	/Furniture/Son/LSD/objLSDBushCornerVines
1861	/Furniture/Son/LSD/objLSDBushVines
1862	/NPCs/Son/LSD/Intro/objMafiaArcade
1863	/NPCs/Son/LSD/Intro/objMafiaIdlePhone
1864	/NPCs/Son/LSD/Intro/objMafiaDrinkStill
1865	/NPCs/Son/LSD/Intro/objMafiaSmoke
1866	/NPCs/Son/LSD/Intro/objMafiaStand
1867	/Effects/Smoke/ArcadeMachines/objArcadeMotherRussia
1868	/Enemies/Bosses/TigerBoss/objShotgunMonumentLSD
1869	/Enemies/Bosses/TigerBoss/objShotgunMonumentPileLSD
1870	/Interface/LSDblend/objLSDBlendNew
1871	/Enemies/Bosses/SwanBoss/Floor/objMafiaCorpse1LSD
1872	/Enemies/Bosses/SwanBoss/Floor/objMafiaCorpse2LSD
1873	/Enemies/Bosses/SwanBoss/Floor/objMafiaCorpse3LSD
1874	/Enemies/Bosses/SwanBoss/Floor/objMafiaCorpse4LSD
1875	/Enemies/Bosses/SwanBoss/Floor/objMafiaCorpse
1876	/Enemies/Bosses/SwanBoss/Floor/objMafiaMovingCorpse
1877	/NPCs/Son/LSD/Floor1/objMafiaEatLSD
1878	/Effects/objMafiaFlameOut
1879	/Furniture/Son/LSD/objLSDLabIsland
1880	/Enemies/Bosses/GangLeader/objGangLeader
1881	/Enemies/objWayPoint
1882	/Misc/objGangLeaderPipe
1883	/Misc/objGangLeaderGlasses
1886	/Enemies/Dodger/objColombianDodger
1887	/Furniture/Son/ColombianVilla/objDrumKitDisplay
1889	/Furniture/Son/ColombianVilla/objGuitarDisplay
1890	/Furniture/Son/ColombianVilla/objSynthDisplay
1891	/Furniture/Son/ColombianVilla/objMicrophone
1892	/Furniture/Son/ColombianVilla/objMicrophoneCords
1893	/Furniture/Son/ColombianVilla/objMixerTable
1894	/Furniture/Son/ColombianVilla/objVillaArmchair
1895	/Furniture/Son/ColombianVilla/objVillaCouchBig
1896	/Furniture/Son/ColombianVilla/objVillaCouch
1897	/Furniture/Son/ColombianVilla/objVillaDiningTable
1898	/Furniture/Son/ColombianVilla/objVillaStatue
1899	/Furniture/objSmallTable
1900	/Furniture/objDiningTable
1901	/Furniture/objBookshelfBig2
1902	/Furniture/objDresser
1903	/Furniture/objBookshelfBig
1904	/Furniture/Son/ColombianVilla/objVillaBar
1905	/Furniture/Son/ColombianVilla/objVillaPool
1906	/Furniture/Son/ColombianVilla/objPoolChair
1907	/Furniture/Son/ColombianVilla/objVillaBed
1908	/Furniture/Son/ColombianVilla/objVillaDesk
1909	/Furniture/Son/ColombianVilla/objVillaDeskBase
1910	/Furniture/Son/ColombianVilla/objVillaSecurity
1911	/Furniture/Son/ColombianVilla/objVillaStatueSmall
1912	/Furniture/Son/ColombianVilla/objVillaJacuzzi
1913	/Furniture/Floor/objGolfPieces
1914	/NPCs/Son/ColombianVilla/objColombianHenchman
1915	/NPCs/Son/ColombianVilla/objColombianBoss
1916	/NPCs/Son/ColombianVilla/objColombianNPC
1917	/NPCs/Son/ColombianVilla/objMafiaNPC
1918	/NPCs/Son/ColombianVilla/objColombianBossChair
1919	/NPCs/Son/ColombianVilla/objColombianVillaScene
1920	/Furniture/Son/ColombianVilla/objVillaAngel
1921	/Furniture/Son/ColombianVilla/objVillaEntertainmentSystem
1922	/Furniture/Son/ColombianVilla/objVillaSwimmingPool
1923	/Furniture/Son/ColombianVilla/objVillaFountain
1924	/Furniture/Son/ColombianVilla/objVillaTrophies
1925	/Furniture/Son/ColombianVilla/objWineRack
1926	/Furniture/Son/ColombianVilla/objVillaBottles
1927	/Furniture/Son/ColombianVilla/objPoolTray
1928	/Furniture/Son/ColombianVilla/objEntryAngel
1929	/Effects/Smoke/ArcadeMachines/objArcadeGuns2
1930	/Effects/Smoke/ArcadeMachines/sprArcadeNidhogg
1931	/Effects/Smoke/ArcadeMachines/objArcadeIsaac
1932	/Effects/Smoke/ArcadeMachines/objArcadeMeatBoy
1933	/NPCs/Cop/Nightmare/Phantom/objPhantom
1934	/Player/Cop/objPhantomChokeCop
1935	/NPCs/Cop/Nightmare/Phantom/objPhantomFall
1936	/NPCs/Cop/Nightmare/Phantom/objPoliceTape
1937	/NPCs/Cop/Nightmare/Phantom/objGolfCart
1938	/NPCs/Cop/Nightmare/Phantom/objCopGun
1939	/NPCs/Cop/Nightmare/PoliceStation/objPoliceChief
1940	/Furniture/Cop/Nightmare/objPoliceChiefDesk
1941	/NPCs/Cop/Nightmare/PoliceStation/objGolfCartDrive
1942	/Furniture/objBedNormal
1943	/NPCs/Cop/Nightmare/PoliceStation/objPolicePoint2
1944	/NPCs/Cop/Nightmare/PoliceStation/objWriterInterrogation
1945	/Furniture/Cop/CrimeScenes/CrimeScene1/objBloodMessage
1946	/Furniture/Cop/CrimeScenes/CrimeScene1/objCrimeSceneSign
1947	/Furniture/Cop/CrimeScenes/CrimeScene1/objCrimeSceneVictims
1948	/NPCs/Cop/CrimeScenes/objCSIPhotographer
1949	/NPCs/Cop/CrimeScenes/objCSIOfficers
1951	/Furniture/Cop/Apartment/objCopBed
1952	/Furniture/Cop/Apartment/objCopCloset
1953	/Furniture/Cop/Apartment/objCopCouch
1954	/Furniture/Cop/Apartment/objCopCupboard
1955	/Furniture/Cop/Apartment/objCopCounter
1956	/Furniture/Cop/Apartment/objCopNightstand
1957	/Furniture/Cop/Apartment/objCopTable
1958	/Furniture/Floor/objCSIBag
1959	/Furniture/Floor/objCopCouchCushion
1960	/Player/Cop/objCopSearch
1961	/objNoiseStartBlack
1962	/Player/Cop/objCopWakeUp
1963	/NPCs/Fans/DeathWish/Outro/objSwat
1964	/NPCs/Fans/DeathWish/Outro/objSwatWall
1965	/NPCs/Fans/DeathWish/Outro/objSwatCorner
1966	/NPCs/Fans/DeathWish/Outro/objSwatCrouch
1967	/NPCs/Fans/DeathWish/Outro/objFansDead
1968	/NPCs/Fans/DeathWish/Outro/objSwatBossStand
1969	/NPCs/Fans/DeathWish/Outro/objTigerGiveUp
1970	/NPCs/Fans/DeathWish/Outro/objSwatTalk
1971	/Furniture/Fans/DeathWish/objSwatBus
1972	/NPCs/Fans/DeathWish/Outro/objPoliceStand
1973	/NPCs/Fans/DeathWish/Outro/objSonDeadFall
1974	/NPCs/Cop/CrimeScenes/CrimeScene1/objCrimeScene1
1975	/Furniture/Floor/objVomitPuddle
1977	/NPCs/Cop/CrimeScenes/CrimeScene2/objCSIVomit
1978	/NPCs/Cop/CrimeScenes/objVictimCar
1979	/Furniture/Cop/Apartment/objMaskBoxNightmare
1980	/Furniture/Writer/Home/objWriterBed
1981	/Furniture/Writer/Home/objFirePlaceWriter
1982	/Furniture/Writer/Home/objWifeNightStand
1983	/Furniture/Writer/Home/objWriterChairFallen
1984	/Furniture/Writer/Home/objCrib
1985	/Furniture/Writer/Home/objKidBed
1986	/Furniture/Writer/Home/objWriterKitchenTable
1987	/Furniture/Writer/Home/objWriterLivingroomTable
1988	/Furniture/Writer/Home/objWriterNightStand
1989	/Furniture/Writer/Home/objWriterPhone
1990	/Furniture/Writer/Home/objWriterVinylTable
1991	/Furniture/Writer/Home/objWriterDeskChair
1992	/Furniture/Writer/Home/objWriterDesk
1993	/Furniture/Writer/Home/objBrokenFrame
1994	/Furniture/Writer/Home/objNESCartridge
1995	/Furniture/Writer/Home/objToyGun2
1996	/Furniture/Writer/Home/objToyLego2
1997	/Furniture/Writer/Home/objToyTurtle2
1998	/Furniture/Writer/Home/objCaseFile
1999	/Furniture/Writer/Home/objWriterDoorMat
2000	/Furniture/Writer/Home/objWifeNote
2001	/Furniture/Writer/Home/objWriterKitchenCupboard
2002	/Furniture/Writer/Home/objWriterKitchenCounter
2003	/Furniture/Writer/Home/objWriterKitchenSink
2004	/Furniture/Writer/Home/objWriterTVBench
2005	/Furniture/Writer/Home/objFireWood
2006	/Player/Writer/objWriterType
2007	/Player/Writer/objWriterInterview1
2008	/Player/Writer/objWriterInterview2
2009	/Misc/objNotepad
2010	/Furniture/Writer/Home/objWifeLetter
2011	/Player/Writer/objWriterInterview3
2012	/Furniture/Rat/Home/objRatKitchenSink
2013	/Furniture/Rat/Home/objRatArmChair
2014	/Furniture/Rat/Home/objRatBed
2015	/Furniture/Rat/Home/objRatBedSupplies
2016	/Furniture/Rat/Home/objRatCar
2017	/Furniture/Rat/Home/objRatCouch
2018	/Furniture/Rat/Home/objRatKitchenTable
2019	/Furniture/Rat/Home/objRatKitchenCupboard
2020	/Furniture/Rat/Home/objRatKitchenCounter
2021	/Furniture/Rat/Home/objRatMomBed
2022	/Furniture/Rat/Home/objRatPhone
2023	/Furniture/Rat/Home/objRatTrophies
2024	/Furniture/Rat/Home/objRatTrashcan
2025	/Furniture/Rat/Home/objRatTub
2026	/Furniture/Rat/Home/objRatElevatorChair
2027	/Furniture/Rat/Home/objRatElevatorRails
2028	/Furniture/Rat/Home/objRatVacuum
2029	/Furniture/Rat/Home/objRatFreezer
2030	/Furniture/Rat/Home/objHandicapToilet
2031	/Furniture/Rat/Home/objRatSafe
2032	/Furniture/Rat/Home/objRatDesk
2033	/Misc/LightSmoke/objBarSmoke
2035	/NPCs/Rat/Home/objRatMomLieDown
2037	/NPCs/Rat/Home/objRatMomSit
2038	/Player/Cars/Rat_Bus/objRatBus
2039	/Player/Cars/Rat_Bus/objRatBusFloor
2040	/Player/Cars/Rat_Bus/objRatBusStop
2041	/Furniture/Rat/Home/objRatChair
2042	/NPCs/Rat/Home/objRatMomEat
2043	/NPCs/Rat/Home/objRatMomSickTalk
2044	/NPCs/Rat/Home/objRatMomSick
2045	/Player/Cars/Rat_Bus/objRatBusDrive
2046	/Furniture/Writer/BikerBar/objBrokenVehicles
2047	/NPCs/Writer/BikerBar/sprBrokenBarDumpster
2048	/Interface/objRatClear
2049	/Interface/SplashScreens/DennatonSplash/objSplash
2050	/NPCs/Credits/objRatCredits
2051	/Effects/NuclearBlast/objNukeCredits
2052	/NPCs/Credits/objMomCredits
2053	/Credits/objCreditsDennaton
2054	/Credits/objCreditsDevolver
2055	/Credits/objCreditsAbstraction
2056	/Credits/objCreditsMusicians
2058	/Credits/objCreditsSony
2059	/Credits/objCreditsSpecialThanks
2060	/NPCs/Credits/objWriterCredits
2061	/NPCs/Credits/objWriterBabyCredits
2062	/NPCs/Credits/objWriterKidCredits
2063	/NPCs/Credits/objWriterWifeCredits
2064	/NPCs/Credits/objWriterWriteCredits
2065	/NPCs/Credits/objCopCredits
2066	/NPCs/Credits/objCopCreditsBottle
2067	/NPCs/Credits/objActressCredits
2068	/NPCs/Credits/objPrisonBedCredits
2069	/NPCs/Credits/objJacketCredits
2070	/Credits/Hotline3/objHotlineMiami3
2071	/Credits/Hotline3/objBrokenHouse
2072	/NPCs/Son/Hideout2/objStripper1
2073	/NPCs/Son/Hideout2/objStripper2
2074	/NPCs/Son/Hideout2/objStripper3
2075	/NPCs/Son/Hideout2/objStripper4
2076	/NPCs/Son/Hideout2/objStripperSnort
2077	/NPCs/Son/Hideout2/objSonHideout2Outro
2078	/Misc/objMoneyPile
2079	/NPCs/Intro/objIntroTable
2080	/NPCs/Intro/objCopIntro
2081	/NPCs/Intro/objFansIntro
2082	/NPCs/Intro/objHenchIntro
2083	/NPCs/Intro/objNickeIntro
2084	/NPCs/Intro/objPigIntro
2085	/NPCs/Intro/objRatIntro
2086	/NPCs/Intro/objRichardIntro
2087	/NPCs/Intro/objCobraIntro
2088	/NPCs/Intro/objSonIntro
2089	/NPCs/Intro/objWriterIntro
2090	/NPCs/Intro/objMovieScreen
2091	/NPCs/Intro/objIntroDarkness
2092	/NPCs/Son/Hideout4/objSonGuardSitTalk
2093	/Player/Son/objSonIdleBoxColombian
2094	/Furniture/Son/Hideout/objHumanBoxingBag
2095	/Furniture/Son/Hideout/objColombianClothes
2096	/Furniture/Floor/Bunker/objFiftyScribble
2097	/Furniture/objLamp
2098	/NPCs/Cobra/CobraHotHeavy/objCobraHotHeavy
2099	/NPCs/Cobra/CobraHotHeavy/objMafiaCobra
2100	/Enemies/Bosses/PrisonBoss/objPrisonBoss
2101	/Enemies/Bosses/PrisonBoss/objPrisonBossKill
2102	/Editor/objCellDoorV
2103	/Editor/objBlackRailsV
2104	/Player/Rat/objRatPrison
2105	/Misc/Weapons/objPipeBig
2106	/Misc/Weapons/objBrush
2107	/Player/Kills/Specific/objRatKillBrush
2108	/Enemies/Prisoner/objPrisoner
2109	/Enemies/Prisoner/objPrisonerMeleeRandom
2110	/Enemies/Prisoner/objPrisonerMeleePatrol
2111	/Enemies/Prisoner/objPrisonerRandom
2112	/Enemies/Prisoner/objPrisonerStatic
2113	/Enemies/Prisoner/objPrisonerPatrol
2114	/NPCs/Rat/Prison/BossFight/objPrisonerCheer1
2115	/NPCs/Rat/Prison/BossFight/objPrisonerCheer2
2116	/NPCs/Rat/Prison/BossFight/objPrisonerCheer3
2117	/NPCs/Rat/Prison/BossFight/objPrisonerCheerPipe
2118	/NPCs/Rat/Prison/BossFight/objPrisonerThrow
2119	/NPCs/Rat/Prison/BossFight/objThrowPipe
2120	/NPCs/Rat/Prison/BossFight/objPrisonerCheer5
2121	/NPCs/Rat/Prison/BossFight/objPrisonerCheer4
2122	/Furniture/Rat/Prison/objVisitorBooth
2123	/Furniture/Rat/Prison/objVisitorBoothStool
2124	/NPCs/Rat/Prison/Visit/objJacketPhone
2125	/NPCs/Rat/Prison/Visit/objLawyerPhone
2126	/NPCs/Rat/Prison/Visit/objRatPrisonPhone
2127	/NPCs/Rat/Prison/Visit/objDennis
2128	/NPCs/Rat/Prison/Visit/objJonatan
2129	/NPCs/Rat/Prison/Visit/objGuardRatPrison
2130	/NPCs/Rat/Prison/Visit/objGuardIdleStand
2131	/Furniture/Rat/Prison/objPrisonBed
2132	/Furniture/Rat/Prison/objPrisonDesk
2133	/Furniture/Rat/Prison/objPrisonChair
2134	/Furniture/Rat/Prison/objPrisonDiningTable
2135	/Furniture/Rat/Prison/objPrisonLocker
2137	/Furniture/Floor/Prison/objPrisonCorpses
2138	/Furniture/Floor/Prison/objPrisonCorpsesWall
2139	/Editor/objFurnitureWallV
2140	/Editor/objFurnitureWallH
2141	/NPCs/Rat/Prison/Visit/objGuardWallOff
2142	/Effects/PrisonFire/objBurningBible
2143	/Effects/PrisonFire/objBurningPaper
2145	/Enemies/Prisoner/objPrisonerPsycho
2146	/Enemies/Prisoner/objPrisonerMeleeStatic
2147	/Player/objPlayerDiePsycho
2148	/Enemies/Prisoner/objPrisonerFat
2149	/Furniture/Rat/Prison/objShower
2150	/Furniture/Rat/Prison/objFloorDrain
2151	/Furniture/Rat/Prison/objPrisonBible
2152	/Furniture/Rat/Prison/objPrisonOfficeDesk
2153	/Furniture/Rat/Prison/objPrisonFileCabinet
2154	/Furniture/Rat/Prison/objKeyLock
2155	/Furniture/Rat/Prison/objPrisonSoap
2156	/Furniture/Floor/Prison/objPrisonBloodWords
2157	/Player/Rat/objRatGuard
2158	/Misc/objGuardClothes
2159	/Furniture/Rat/Prison/objPrisonMonitor
2160	/Furniture/Rat/Prison/objPrisonFileCabinetFallen
2161	/Furniture/Rat/Prison/objPrisonGameTable
2162	/Furniture/Rat/Prison/objPrisonInformationTable
2163	/Furniture/Floor/objPrisonChairBroken
2164	/Furniture/Rat/Prison/objPrisonBasketCourt
2165	/Furniture/Floor/Prison/objPrisonCorpses2
2166	/Furniture/Floor/Prison/objPrisonerCaptured
2167	/Enemies/Prisoner/objPrisonerIdleGuns
2168	/Enemies/Guards/objGuardIdleStick
2169	/objPrisonAlarm
2170	/NPCs/Rat/Prison/Riot/objGuardShotgun
2172	/NPCs/Rat/Prison/Riot/objEscapingPrisoner
2173	/NPCs/Rat/Prison/Riot/objGuardMagnum
2174	/Player/Cars/SwatBus/objSwatBusWave
2175	/Furniture/Floor/Prison/objBasketHoopBroken
2177	/Furniture/Writer/PoliceEvidence/objPoliceEvidenceTable
2178	/Furniture/Writer/PoliceEvidence/objPoliceEvidenceShelf
2179	/Furniture/Writer/PoliceEvidence/objPoliceEvidenceTableCobra
2180	/NPCs/Writer/PoliceEvidence/objCopEvidence
2181	/Interface/objNextroomNoPlayer
2183	/Interface/Scene/NickeScene/objJungleReturn
2184	/Interface/Scene/NickeScene/objForestReturn
2185	/Interface/Scene/NickeScene/objJungleFade
2186	/NPCs/Son/Bank/objRobberAmbush
2187	/NPCs/Writer/Court/Exit/objDemonstratorWave
2188	/NPCs/Writer/Court/Exit/objPhotographer1
2189	/NPCs/Writer/Court/Exit/objSwan1Demonstration
2190	/NPCs/Writer/Court/Exit/objSwan2Demonstation
2191	/NPCs/Writer/Court/Exit/objReporter1
2192	/NPCs/Writer/Court/Exit/objInterviewed1
2193	/NPCs/Writer/Court/Exit/objReporter2
2194	/NPCs/Writer/Court/Exit/objDemonstrator
2195	/NPCs/Writer/Court/Exit/objCameraMen
2196	/NPCs/Writer/Court/Exit/objPoliceStandStill
2197	/NPCs/Writer/Court/Exit/objGuardStickStill
2198	/Misc/objWallet
2199	/Enemies/Bosses/SwatBoss/objSwatBossWaypoint
2200	/Enemies/Bosses/SwatBoss/objSwatBoss
2201	/Player/Kills/Specific/objPigKillBoss
2202	/Misc/objSwatBossHead
2203	/Enemies/Bosses/SwatBoss/objSwatBossKnockedOut
2204	/Enemies/Bosses/SwatBoss/objSwatBossAlert
2205	/Enemies/Bosses/SwatBoss/objSwatBossLock
2206	/NPCs/Fans/HQParty/objMitchMurder
2207	/NPCs/Fans/HQParty/objDubmood
2208	/NPCs/Fans/HQParty/objDaveMinus
2209	/NPCs/Fans/HQParty/objBenjamin
2210	/NPCs/Fans/HQParty/objDag
2211	/NPCs/Fans/HQParty/objBennySmiles
2212	/NPCs/Writer/Court/Exit/objReporters
2213	/Interface/objWeaponMenu
2214	/Interface/Options/objControls
2215	/Interface/Options/objHouseCloseUp
2216	/Interface/Options/objHouseSemiCloseUp
2217	/Interface/Options/objHouseDistant
2218	/Interface/Options/objSmallFlyingPaper
2219	/Interface/Options/objFlyingPaper
2220	/Interface/Options/objCloudSmoke
2221	/Enemies/objEnemyCrawl
2222	/Player/Kills/objPKillNeck
2223	/Player/Kills/objPKillKick
2224	/Player/Kills/objPKillChainsawCrawl
2225	/Interface/Scene/City/objSceneGround
2226	/Interface/Scene/City/objSceneFence
2227	/NPCs/Cop/BoatDock/objPoliceCarWalkie
2228	/NPCs/Cop/BoatDock/objColombianHandCuffs1
2229	/NPCs/Cop/BoatDock/objColombianHandCuffs2
2230	/NPCs/Cop/BoatDock/objPoliceDock
2231	/NPCs/Cop/BoatDock/objOfficerDock
2232	/NPCs/Writer/CopyFlash/objCopyFlashClerk
2233	/Furniture/Writer/CopyFlash/objCopyFlashCounter
2234	/Furniture/Writer/CopyFlash/objCopyFlashLogo
2235	/Misc/objNewsPaper
2236	/Misc/objRadio
2237	/Player/objNail
2238	/Player/objNailStuck
2239	/Enemies/Soldier/objSoldierBurnt
2240	/Interface/UnlocksImport/objFansMasks
2241	/Interface/UnlocksImport/objNickeGuns
2242	/Interface/UnlocksImport/objCobraMasks
2243	/Interface/UnlocksImport/objSonStyles
2244	/Interface/AchievementList/objAchievementList
2245	/Interface/AchievementList/objAchievementUnlock
2247	/Interface/Options/objOptions
2248	/NPCs/Soldiers/Store/objShopPeople
2249	/NPCs/Soldiers/Store/objShopPeoplePray
2251	/Interface/VHSMenu/objOnlineHighscores
2252	/Interface/objPigCredits
2253	/Credits/objCreditList
2254	/Editor/objEditorDoorH2
2255	/Editor/objEditorDoorV2
2256	/Misc/objHatDrop
2257	/Misc/objDrugSampleHenchman
2258	/Misc/objNickeGlasses
2259	/Player/Kills/Specific/objPKillAxe
2260	/Interface/vhs/VHSOptions/objPauseControls
2261	/Misc/Weapons/objAcid
2262	/Effects/Fumes/objFumes
2263	/Effects/Fumes/objFumer
2264	/Player/Kills/Specific/objPKillAcid
2265	/Effects/Taser/objTaserSpark
2266	/Effects/Taser/objTaserElectric
2267	/Player/Cars/Cobra_Car/objCobraTruck
2268	/Player/Cars/Cobra_Car/objCobraTruckFloor
2269	/Furniture/Floor/objCaveWater
2271	/Furniture/Jungle/Trees/objCavePlant1
2272	/Furniture/Jungle/Trees/objCavePlant2
2273	/Furniture/Jungle/Trees/objCavePlant3
2274	/Furniture/Jungle/Trees/objJackHammer
2276	/Furniture/Jungle/PowerPlant/CaveStuff/objCaveStone
2277	/Furniture/Jungle/PowerPlant/CaveStuff/objCaveStones
2278	/Furniture/Jungle/PowerPlant/CaveStuff/objCaveTimer
2279	/Misc/LightSmoke/objSewerCloud
2280	/Furniture/Floor/objFrodusPoster
2281	/Furniture/Floor/objDirtyShoes
2282	/Furniture/Cobra/50BlessingsOffice/objAirCondition
2283	/Furniture/Son/Hideout/objHenchmanCarWhole
2284	/Player/Cars/SonVan/objSonVan
2285	/NPCs/Writer/BikerBar/objHammarin
2286	/Enemies/Dodger/objGangDodger
2287	/Enemies/Dodger/objSoldierDodger
2288	/Enemies/Dodger/objDodger
2289	/NPCs/Henchman/Home/objHenchmanSearch
2290	/Interface/Options/Censorship/objCensorship
2292	/Misc/Weapons/objNickeKnife
2293	/Misc/Weapons/objBottleBroken
2294	/NPCs/Writer/BikerBar/objCopBroken
2295	/Misc/LightSmoke/objDeathWishStairsDarkness
2297	/NextRoom/objEditorNextRoom
2298	/NextRoom/objTransitionPlacer
2299	/Misc/objRatCassettes
2300	/Player/objPlayerGhost
2301	/Interface/SplashScreens/DevolverAbstraction/objDevolverAbstraction
2302	/NPCs/Fans/HQParty/objSjellos
2303	/NPCs/Writer/Court/objBikerCourt
2304	/NPCs/Fans/HQParty/objSimon
2305	/AG/objShardRenderer
2306	/AG/objBulletRenderer
2307	/AG/objSparkRenderer
2308	/Enemies/Victims/objVictim2Hostile
2309	/Enemies/Victims/objVictimEnemy
2310	/AG/objWoodWindowRenderer
2311	/AG/objCasinoFloor1
2312	/NPCs/Fans/HQParty/objRasmus
2313	/NPCs/Fans/HQParty/objGreenKingdom
2314	/NPCs/Fans/HQParty/objVestronVulture
2315	/NPCs/Fans/HQParty/objModulogeek
2316	/NPCs/Fans/HQParty/objCiniMod
2317	/NPCs/Fans/HQParty/objChromacle
2318	/NPCs/Fans/HQParty/objBlanchard
2319	/NPCs/Fans/HQParty/objEvans
2320	/Furniture/Henchman/ChopShop/objGarageDoorH
2321	/Furniture/Henchman/ChopShop/objGarageDoorV
2322	/Furniture/PigButcher/PoliceStation/objInterrogationMirror
2323	/Player/Kills/Specific/objHenchmanKillSkateboard
2324	/AG/objZebraShardRenderer
2326	/AG/objFlameRenderer
2327	/AG/objStripClubRenderer
2328	/AG/objPoliceStationFloor2Part2
2329	/AG/objZebraWall
2330	/Editor/Editor_Menus/objDuplicator
2332	/AG/objFloorHoleRenderer
2333	/Player/objBikerKnife
2334	/Player/Biker/objBiker
2335	/Player/Jacket/objJacket
2337	/Misc/Weapons/objDrill
2338	/Misc/Weapons/objPotFull
2339	/Misc/Weapons/objPotEmpty
2340	/Player/objBikerKnifeStuck
2341	/Interface/objJacketMaskMenu
2342	/object2342
2343	/Misc/Weapons/objSilencedUzi
2344	/Player/Kills/Specific/objPKillDrill
2345	/Player/Cars/JacketCar/objJacketCar
2346	/Misc/Weapons/objCleaver
2347	/Player/Cars/BikerBike/objBikerBike
2348	/Player/Kills/Specific/objBikerKillFat
2349	/Player/Cars/PigCart/objPigCart
2350	/Editor/Editor_Menus/objDialogueEditor2
2351	/Editor/Editor_Menus/objFloorSelector
2352	/Editor/Editor_Menus/objCampaignEditor
2354	/Editor/HLM2CutsceneEditor/objCutsceneEditor
2355	/Editor/HLM2CutsceneEditor/objEditorNPC
2358	/Editor/HLM2CutsceneEditor/objSoundChoice
2359	/Editor/HLM2CutsceneEditor/objActionChoice
2360	/Editor/HLM2CutsceneEditor/objWalkChoice
2361	/Editor/HLM2CutsceneEditor/objCharacterOptions
2362	/Editor/HLM2CutsceneEditor/objEditorBackground2
2363	/Editor/HLM2CutsceneEditor/objSongChoice
2364	/Editor/HLM2CutsceneEditor/objFadeChoice
2365	/Editor/HLM2CutsceneEditor/objWaitChoice
2366	/Editor/HLM2CutsceneEditor/objSequenceChoice
2367	/Editor/HLM2CutsceneEditor/objNextChoice
2368	/Editor/HLM2CutsceneEditor/objSpriteChoice
2369	/Editor/HLM2CutsceneEditor/objAnimateChoice
2370	/Editor/HLM2CutsceneEditor/objInteractChoice
2371	/Editor/HLM2CutsceneEditor/objCharacterProperties
2372	/Editor/HLM2CutsceneEditor/objDeathChoice
2373	/Editor/HLM2CutsceneEditor/objAttackChoice
2375	/Editor/HLM2CutsceneEditor/objSetSprites
2376	/Editor/HLM2CutsceneEditor/objTransitionChoice
2379	/Editor/HLM2CutsceneEditor/objCutsceneFader
2380	/Editor/Editor_Menus/objRainPlacer
2381	/Editor/Editor_Menus/objDarknessPlacer
2382	/Editor/HLM2CutsceneEditor/objEditorItem
2383	/Editor/HLM2CutsceneEditor/objActivateChoice
2384	/NPCs/objCustomNPC
2385	/Editor/HLM2CutsceneEditor/objRotateChoice
2386	/Editor/objSetBorders
2387	/Player/Hammer/objTheHammer
2388	/Editor/HLM2CutsceneEditor/objEditorConversation
2389	/Editor/Editor_Menus/objBackgroundChoice
2390	/CustomLevelSelect/objCustomLevelMenu
2391	/CustomLevelSelect/objCustomLevelBackground
2392	/Editor/objEditorFader
2393	/Editor/HLM2CutsceneEditor/objPublishChoice
2394	/Player/Cars/HammerCar/objHammerCar
2395	/Player/Cars/HammerCar/objHammerCarFloor
2396	/Enemies/Soldier/objSoldierMeleePatrol
2397	/Editor/objCustomLevelQuery
2398	/Editor/objCoverSelector
2399	/Editor/objLevelSelector
2400	/Interface/VHSMenu/objCustomBoxSelector
2401	/objEditorWeapon
2402	/Editor/HLM2CutsceneEditor/objCutscenePlayer
2403	/Player/Kills/Specific/objJacketKillThroat
2404	/Player/objWaterProjectile
2405	/Effects/Fumes/objFumeSmall
2406	/NPCs/objExtra
2407	/Enemies/Mafia/objEMafiaIdleSmoke
2408	/Enemies/Mafia/objEMafiaIdlePipe
2409	/Enemies/Police/objPoliceIdleTalk
2410	/Editor/NextRoom/objEditorElevator
2411	/Editor/objEditorBarrier
2412	/Editor/objEditorEntry
2413	/Editor/objEditorRailsLeft